Region,Province,City/Municipality,Rural,Thrift,UKB
Autonomous Region in Muslim Mindanao (ARMM),Basilan,Akbar,0,0,0
Autonomous Region in Muslim Mindanao (ARMM),Basilan,Al-Barka,0,0,0
Autonomous Region in Muslim Mindanao (ARMM),Basilan,Hadji Mohammad Ajul,0,0,0
Autonomous Region in Muslim Mindanao (ARMM),Basilan,Hadji Muhtamad,0,0,0
Autonomous Region in Muslim Mindanao (ARMM),Basilan,Lamitan City,0,2,1
Autonomous Region in Muslim Mindanao (ARMM),Basilan,Lantawan,0,0,0
Autonomous Region in Muslim Mindanao (ARMM),Basilan,Maluso,0,0,1
Autonomous Region in Muslim Mindanao (ARMM),Basilan,Sumisip,0,0,0
Autonomous Region in Muslim Mindanao (ARMM),Basilan,Tabuan-Lasa,0,0,0
Autonomous Region in Muslim Mindanao (ARMM),Basilan,Tipo-Tipo,0,0,0
Autonomous Region in Muslim Mindanao (ARMM),Basilan,Tuburan,0,0,0
Autonomous Region in Muslim Mindanao (ARMM),Basilan,Ungkaya Pukan,0,0,0
Autonomous Region in Muslim Mindanao (ARMM),Lanao del Sur,Ampatuan,0,0,1
Autonomous Region in Muslim Mindanao (ARMM),Lanao del Sur,Bacolod-Kalawi (Bacolod Grande),0,0,0
Autonomous Region in Muslim Mindanao (ARMM),Lanao del Sur,Balabagan,0,0,0
Autonomous Region in Muslim Mindanao (ARMM),Lanao del Sur,Balindong (Watu),0,0,0
Autonomous Region in Muslim Mindanao (ARMM),Lanao del Sur,Barira,0,0,0
Autonomous Region in Muslim Mindanao (ARMM),Lanao del Sur,Bayang,0,0,0
Autonomous Region in Muslim Mindanao (ARMM),Lanao del Sur,Binidayan,0,0,0
Autonomous Region in Muslim Mindanao (ARMM),Lanao del Sur,Buadiposo-Buntong,0,0,0
Autonomous Region in Muslim Mindanao (ARMM),Lanao del Sur,Bubong,0,0,0
Autonomous Region in Muslim Mindanao (ARMM),Lanao del Sur,Buldon,0,0,0
Autonomous Region in Muslim Mindanao (ARMM),Lanao del Sur,Buluan,0,0,1
Autonomous Region in Muslim Mindanao (ARMM),Lanao del Sur,Bumbaran,0,0,0
Autonomous Region in Muslim Mindanao (ARMM),Lanao del Sur,Butig,0,0,0
Autonomous Region in Muslim Mindanao (ARMM),Lanao del Sur,Calanogas,0,0,0
Autonomous Region in Muslim Mindanao (ARMM),Lanao del Sur,Datu Abdullah Sangki,0,0,0
Autonomous Region in Muslim Mindanao (ARMM),Lanao del Sur,Datu Anggal Midtimbang,0,0,0
Autonomous Region in Muslim Mindanao (ARMM),Lanao del Sur,Datu Blah T. Sinsuat,0,0,0
Autonomous Region in Muslim Mindanao (ARMM),Lanao del Sur,Datu Hoffer Ampatuan,0,0,0
Autonomous Region in Muslim Mindanao (ARMM),Lanao del Sur,Datu Odin Sinsuat(Dinaig),0,0,1
Autonomous Region in Muslim Mindanao (ARMM),Lanao del Sur,Datu Paglas,1,0,0
Autonomous Region in Muslim Mindanao (ARMM),Lanao del Sur,Datu Piang,0,0,0
Autonomous Region in Muslim Mindanao (ARMM),Lanao del Sur,Datu Salibo,0,0,0
Autonomous Region in Muslim Mindanao (ARMM),Lanao del Sur,Datu Saudi-Ampatuan,0,0,0
Autonomous Region in Muslim Mindanao (ARMM),Lanao del Sur,Datu Unsay,0,0,0
Autonomous Region in Muslim Mindanao (ARMM),Lanao del Sur,Ditsaan-Ramain,0,0,0
Autonomous Region in Muslim Mindanao (ARMM),Lanao del Sur,Ganassi,0,0,0
Autonomous Region in Muslim Mindanao (ARMM),Lanao del Sur,Gen. S.K. Pendatun,0,0,0
Autonomous Region in Muslim Mindanao (ARMM),Lanao del Sur,Guindulungan,0,0,0
Autonomous Region in Muslim Mindanao (ARMM),Lanao del Sur,Kabuntalan (Tumbao),0,0,0
Autonomous Region in Muslim Mindanao (ARMM),Lanao del Sur,Kapai,0,0,0
Autonomous Region in Muslim Mindanao (ARMM),Lanao del Sur,Kapatagan,0,0,1
Autonomous Region in Muslim Mindanao (ARMM),Lanao del Sur,Lumba-Bayabao (Maguing),0,0,0
Autonomous Region in Muslim Mindanao (ARMM),Lanao del Sur,Lumbaca-Unayan,0,0,0
Autonomous Region in Muslim Mindanao (ARMM),Lanao del Sur,Lumbatan,0,0,0
Autonomous Region in Muslim Mindanao (ARMM),Lanao del Sur,Lumbayanague,0,0,0
Autonomous Region in Muslim Mindanao (ARMM),Lanao del Sur,Madalum,0,0,0
Autonomous Region in Muslim Mindanao (ARMM),Lanao del Sur,Madamba,0,0,0
Autonomous Region in Muslim Mindanao (ARMM),Lanao del Sur,Maguing,0,0,0
Autonomous Region in Muslim Mindanao (ARMM),Lanao del Sur,Malabang,0,0,0
Autonomous Region in Muslim Mindanao (ARMM),Lanao del Sur,Mamasapano,0,0,0
Autonomous Region in Muslim Mindanao (ARMM),Lanao del Sur,Mangudadatu,0,0,0
Autonomous Region in Muslim Mindanao (ARMM),Lanao del Sur,Marantao,0,0,0
Autonomous Region in Muslim Mindanao (ARMM),Lanao del Sur,Marawi City (Capital),0,0,17
Autonomous Region in Muslim Mindanao (ARMM),Lanao del Sur,Marogong,0,0,0
Autonomous Region in Muslim Mindanao (ARMM),Lanao del Sur,Masiu,0,0,0
Autonomous Region in Muslim Mindanao (ARMM),Lanao del Sur,Matanog,0,0,0
Autonomous Region in Muslim Mindanao (ARMM),Lanao del Sur,Mulondo,0,0,0
Autonomous Region in Muslim Mindanao (ARMM),Lanao del Sur,Northern Kabuntalan,0,0,0
Autonomous Region in Muslim Mindanao (ARMM),Lanao del Sur,Pagagawan,0,0,0
Autonomous Region in Muslim Mindanao (ARMM),Lanao del Sur,Pagalungan,0,0,0
Autonomous Region in Muslim Mindanao (ARMM),Lanao del Sur,Pagayawan (Tatarikan),0,0,0
Autonomous Region in Muslim Mindanao (ARMM),Lanao del Sur,Paglat,0,0,0
Autonomous Region in Muslim Mindanao (ARMM),Lanao del Sur,Pandag,0,0,0
Autonomous Region in Muslim Mindanao (ARMM),Lanao del Sur,Parang,0,0,2
Autonomous Region in Muslim Mindanao (ARMM),Lanao del Sur,Piagapo,0,0,0
Autonomous Region in Muslim Mindanao (ARMM),Lanao del Sur,Picong (Sultan Gumander),0,0,0
Autonomous Region in Muslim Mindanao (ARMM),Lanao del Sur,Poona Bayabao (Gata),0,0,0
Autonomous Region in Muslim Mindanao (ARMM),Lanao del Sur,Pualas,0,0,0
Autonomous Region in Muslim Mindanao (ARMM),Lanao del Sur,Rajah Buayan,0,0,0
Autonomous Region in Muslim Mindanao (ARMM),Lanao del Sur,Saguiaran,0,0,0
Autonomous Region in Muslim Mindanao (ARMM),Lanao del Sur,Shariff Aguak (Maganoy)(Capital),0,0,0
Autonomous Region in Muslim Mindanao (ARMM),Lanao del Sur,Shariff Saydona Mustapha,0,0,0
Autonomous Region in Muslim Mindanao (ARMM),Lanao del Sur,South Upi,0,0,0
Autonomous Region in Muslim Mindanao (ARMM),Lanao del Sur,Sultan Dumalondong,0,0,0
Autonomous Region in Muslim Mindanao (ARMM),Lanao del Sur,Sultan Kudarat (Nuling),0,0,1
Autonomous Region in Muslim Mindanao (ARMM),Lanao del Sur,Sultan Mastura,0,0,0
Autonomous Region in Muslim Mindanao (ARMM),Lanao del Sur,Sultan Sa Barongis (Lambayong),0,0,0
Autonomous Region in Muslim Mindanao (ARMM),Lanao del Sur,Tagoloan II,0,0,1
Autonomous Region in Muslim Mindanao (ARMM),Lanao del Sur,Talayan,0,0,0
Autonomous Region in Muslim Mindanao (ARMM),Lanao del Sur,Talitay,0,0,0
Autonomous Region in Muslim Mindanao (ARMM),Lanao del Sur,Tamparan,0,0,0
Autonomous Region in Muslim Mindanao (ARMM),Lanao del Sur,Taraka,0,0,0
Autonomous Region in Muslim Mindanao (ARMM),Lanao del Sur,Tubaran,0,0,0
Autonomous Region in Muslim Mindanao (ARMM),Lanao del Sur,Tugaya,0,0,0
Autonomous Region in Muslim Mindanao (ARMM),Lanao del Sur,Upi,0,0,0
Autonomous Region in Muslim Mindanao (ARMM),Lanao del Sur,Wao,0,0,2
Autonomous Region in Muslim Mindanao (ARMM),Sulu,Hadji Panglima Tahil (Marunggas),0,0,0
Autonomous Region in Muslim Mindanao (ARMM),Sulu,Indanan,0,0,0
Autonomous Region in Muslim Mindanao (ARMM),Sulu,Jolo (Capital),0,0,8
Autonomous Region in Muslim Mindanao (ARMM),Sulu,Kalingalan Caluang,0,0,0
Autonomous Region in Muslim Mindanao (ARMM),Sulu,Lugus,0,0,0
Autonomous Region in Muslim Mindanao (ARMM),Sulu,Luuk,0,0,0
Autonomous Region in Muslim Mindanao (ARMM),Sulu,Maimbung,0,0,0
Autonomous Region in Muslim Mindanao (ARMM),Sulu,Old Panamao,0,0,0
Autonomous Region in Muslim Mindanao (ARMM),Sulu,Omar,0,0,0
Autonomous Region in Muslim Mindanao (ARMM),Sulu,Pandami,0,0,0
Autonomous Region in Muslim Mindanao (ARMM),Sulu,Panglima Estino (New Panamao),0,0,0
Autonomous Region in Muslim Mindanao (ARMM),Sulu,Pangutaran,0,0,0
Autonomous Region in Muslim Mindanao (ARMM),Sulu,Parang,0,0,0
Autonomous Region in Muslim Mindanao (ARMM),Sulu,Pata,0,0,0
Autonomous Region in Muslim Mindanao (ARMM),Sulu,Patikul,0,0,0
Autonomous Region in Muslim Mindanao (ARMM),Sulu,Siasi,0,0,0
Autonomous Region in Muslim Mindanao (ARMM),Sulu,Talipao,0,0,0
Autonomous Region in Muslim Mindanao (ARMM),Sulu,Tapul,0,0,0
Autonomous Region in Muslim Mindanao (ARMM),Sulu,Tongkil,0,0,0
Autonomous Region in Muslim Mindanao (ARMM),Tawi-Tawi,Bongao (Capital),0,0,6
Autonomous Region in Muslim Mindanao (ARMM),Tawi-Tawi,Languyan,0,0,0
Autonomous Region in Muslim Mindanao (ARMM),Tawi-Tawi,Mapun (Cagayan De Tawi-Tawi),0,0,0
Autonomous Region in Muslim Mindanao (ARMM),Tawi-Tawi,Panglima Sugala (Balimbing),0,0,0
Autonomous Region in Muslim Mindanao (ARMM),Tawi-Tawi,Sapa-Sapa,0,0,0
Autonomous Region in Muslim Mindanao (ARMM),Tawi-Tawi,Sibutu,0,0,0
Autonomous Region in Muslim Mindanao (ARMM),Tawi-Tawi,Simunul,0,0,0
Autonomous Region in Muslim Mindanao (ARMM),Tawi-Tawi,Sitangkai,0,0,0
Autonomous Region in Muslim Mindanao (ARMM),Tawi-Tawi,South Ubian,0,0,0
Autonomous Region in Muslim Mindanao (ARMM),Tawi-Tawi,Tandubas,0,0,0
Autonomous Region in Muslim Mindanao (ARMM),Tawi-Tawi,Turtle Islands,0,0,0
Cordillera Administrative Region (CAR),Abra,Bangued (Capital),0,0,13
Cordillera Administrative Region (CAR),Abra,Boliney,0,0,0
Cordillera Administrative Region (CAR),Abra,Bucay,0,0,0
Cordillera Administrative Region (CAR),Abra,Bucloc,0,0,0
Cordillera Administrative Region (CAR),Abra,Daguioman,0,0,0
Cordillera Administrative Region (CAR),Abra,Danglas,0,0,0
Cordillera Administrative Region (CAR),Abra,Dolores,0,0,0
Cordillera Administrative Region (CAR),Abra,La Paz,0,0,0
Cordillera Administrative Region (CAR),Abra,Lacub,0,0,0
Cordillera Administrative Region (CAR),Abra,Lagangilang,0,0,0
Cordillera Administrative Region (CAR),Abra,Lagayan,0,0,0
Cordillera Administrative Region (CAR),Abra,Langiden,0,0,0
Cordillera Administrative Region (CAR),Abra,Licuan-Baay (Licuan),0,0,0
Cordillera Administrative Region (CAR),Abra,Luba,0,0,0
Cordillera Administrative Region (CAR),Abra,Malibcong,0,0,0
Cordillera Administrative Region (CAR),Abra,Manabo,0,0,0
Cordillera Administrative Region (CAR),Abra,Penarrubia,0,0,0
Cordillera Administrative Region (CAR),Abra,Pidigan,0,0,0
Cordillera Administrative Region (CAR),Abra,Pilar,0,0,0
Cordillera Administrative Region (CAR),Abra,Sallapadan,0,0,0
Cordillera Administrative Region (CAR),Abra,San Isidro,0,0,0
Cordillera Administrative Region (CAR),Abra,San Juan,0,0,0
Cordillera Administrative Region (CAR),Abra,San Quintin,0,0,0
Cordillera Administrative Region (CAR),Abra,Tayum,0,0,0
Cordillera Administrative Region (CAR),Abra,Tineg,0,0,0
Cordillera Administrative Region (CAR),Abra,Tubo,0,0,0
Cordillera Administrative Region (CAR),Abra,Villaviciosa,0,0,0
Cordillera Administrative Region (CAR),Apayao,Calanasan (Bayag),0,0,0
Cordillera Administrative Region (CAR),Apayao,Conner,0,0,0
Cordillera Administrative Region (CAR),Apayao,Flora,0,0,0
Cordillera Administrative Region (CAR),Apayao,Kabugao (Capital),0,0,0
Cordillera Administrative Region (CAR),Apayao,Luna,0,0,3
Cordillera Administrative Region (CAR),Apayao,Pudtol,0,0,1
Cordillera Administrative Region (CAR),Apayao,Santa Marcela,0,0,2
Cordillera Administrative Region (CAR),Benguet,Atok,0,0,0
Cordillera Administrative Region (CAR),Benguet,Baguio City,5,8,196
Cordillera Administrative Region (CAR),Benguet,Bakun,0,0,0
Cordillera Administrative Region (CAR),Benguet,Bokod,0,0,0
Cordillera Administrative Region (CAR),Benguet,Buguias,0,0,2
Cordillera Administrative Region (CAR),Benguet,Itogon,0,0,0
Cordillera Administrative Region (CAR),Benguet,Kabayan,0,0,0
Cordillera Administrative Region (CAR),Benguet,Kapangan,0,0,0
Cordillera Administrative Region (CAR),Benguet,Kibungan,0,0,0
Cordillera Administrative Region (CAR),Benguet,La Trinidad (Capital),3,4,22
Cordillera Administrative Region (CAR),Benguet,Mankayan,0,0,1
Cordillera Administrative Region (CAR),Benguet,Sablan,0,0,0
Cordillera Administrative Region (CAR),Benguet,Tuba,0,0,2
Cordillera Administrative Region (CAR),Benguet,Tublay,0,0,0
Cordillera Administrative Region (CAR),Ifugao,Aguinaldo,0,0,0
Cordillera Administrative Region (CAR),Ifugao,Alfonso Lista (Potia),1,0,1
Cordillera Administrative Region (CAR),Ifugao,Asipulo,0,0,0
Cordillera Administrative Region (CAR),Ifugao,Banaue,0,0,1
Cordillera Administrative Region (CAR),Ifugao,Hingyon,0,0,0
Cordillera Administrative Region (CAR),Ifugao,Hungduan,0,0,0
Cordillera Administrative Region (CAR),Ifugao,Kiangan,0,0,2
Cordillera Administrative Region (CAR),Ifugao,Lagawe (Capital),0,1,4
Cordillera Administrative Region (CAR),Ifugao,Lamut,0,0,2
Cordillera Administrative Region (CAR),Ifugao,Mayoyao,0,0,0
Cordillera Administrative Region (CAR),Kalinga,Balbalan,0,0,0
Cordillera Administrative Region (CAR),Kalinga,City Of Tabuk (Capital),0,0,10
Cordillera Administrative Region (CAR),Kalinga,Lubuagan,0,0,0
Cordillera Administrative Region (CAR),Kalinga,Pasil,0,0,0
Cordillera Administrative Region (CAR),Kalinga,Pinukpuk,0,0,0
Cordillera Administrative Region (CAR),Kalinga,Rizal (Liwan),0,0,1
Cordillera Administrative Region (CAR),Kalinga,Tanudan,0,0,0
Cordillera Administrative Region (CAR),Kalinga,Tinglayan,0,0,0
Cordillera Administrative Region (CAR),Kalinga,Tinoc,0,0,0
Cordillera Administrative Region (CAR),Mountain Province,Barlig,0,0,0
Cordillera Administrative Region (CAR),Mountain Province,Bauko,0,0,0
Cordillera Administrative Region (CAR),Mountain Province,Besao,0,0,0
Cordillera Administrative Region (CAR),Mountain Province,Bontoc (Capital),0,0,7
Cordillera Administrative Region (CAR),Mountain Province,Natonin,0,0,0
Cordillera Administrative Region (CAR),Mountain Province,Paracelis,0,0,0
Cordillera Administrative Region (CAR),Mountain Province,Sabangan,0,0,0
Cordillera Administrative Region (CAR),Mountain Province,Sadanga,0,0,0
Cordillera Administrative Region (CAR),Mountain Province,Sagada,0,0,1
Cordillera Administrative Region (CAR),Mountain Province,Tadian,0,0,0
National Capital Region,Metro Manila,Caloocan City,1,39,194
National Capital Region,Metro Manila,Las Pinas City,3,18,178
National Capital Region,Metro Manila,Makati City,5,73,1039
National Capital Region,Metro Manila,Malabon City,0,12,74
National Capital Region,Metro Manila,Mandaluyong City,2,29,376
National Capital Region,Metro Manila,Manila,1,89,1107
National Capital Region,Metro Manila,Marikina City,0,21,160
National Capital Region,Metro Manila,Muntinlupa City,0,32,328
National Capital Region,Metro Manila,Navotas City,0,2,32
National Capital Region,Metro Manila,Paranaque City,1,26,488
National Capital Region,Metro Manila,Pasay City,1,27,422
National Capital Region,Metro Manila,Pasig City,2,33,508
National Capital Region,Metro Manila,Pateros,1,4,19
National Capital Region,Metro Manila,Quezon City,1,124,1797
National Capital Region,Metro Manila,San Juan City,0,17,173
National Capital Region,Metro Manila,Taguig City,7,30,499
National Capital Region,Metro Manila,Valenzuela City,0,13,168
Region I (Ilocos Region),Ilocos Norte,Adams,0,0,0
Region I (Ilocos Region),Ilocos Norte,Bacarra,1,0,1
Region I (Ilocos Region),Ilocos Norte,Badoc,1,0,1
Region I (Ilocos Region),Ilocos Norte,Bangui,0,0,2
Region I (Ilocos Region),Ilocos Norte,Banna (Espiritu),0,0,1
Region I (Ilocos Region),Ilocos Norte,Batac City,0,1,12
Region I (Ilocos Region),Ilocos Norte,Burgos,0,0,0
Region I (Ilocos Region),Ilocos Norte,Carasi,0,0,0
Region I (Ilocos Region),Ilocos Norte,Currimao,0,0,0
Region I (Ilocos Region),Ilocos Norte,Dingras,0,0,2
Region I (Ilocos Region),Ilocos Norte,Dumalneg,0,0,1
Region I (Ilocos Region),Ilocos Norte,Laoag (City/Capital),1,4,57
Region I (Ilocos Region),Ilocos Norte,Marcos,0,0,1
Region I (Ilocos Region),Ilocos Norte,Nueva Era,0,0,1
Region I (Ilocos Region),Ilocos Norte,Pagudpud,0,0,2
Region I (Ilocos Region),Ilocos Norte,Paoay,0,0,1
Region I (Ilocos Region),Ilocos Norte,Pasuquin,0,0,5
Region I (Ilocos Region),Ilocos Norte,Piddig,0,0,1
Region I (Ilocos Region),Ilocos Norte,Pinili,0,0,1
Region I (Ilocos Region),Ilocos Norte,San Nicolas,0,0,16
Region I (Ilocos Region),Ilocos Norte,Sarrat,0,0,1
Region I (Ilocos Region),Ilocos Norte,Solsona,0,0,1
Region I (Ilocos Region),Ilocos Norte,Vintar,0,0,1
Region I (Ilocos Region),Ilocos Sur,Alilem,0,0,0
Region I (Ilocos Region),Ilocos Sur,Banayoyo,0,0,0
Region I (Ilocos Region),Ilocos Sur,Bantay,0,0,4
Region I (Ilocos Region),Ilocos Sur,Burgos,0,0,1
Region I (Ilocos Region),Ilocos Sur,Cabugao,1,0,3
Region I (Ilocos Region),Ilocos Sur,Candon City,0,2,17
Region I (Ilocos Region),Ilocos Sur,Caoayan,0,0,0
Region I (Ilocos Region),Ilocos Sur,Cervantes,0,0,0
Region I (Ilocos Region),Ilocos Sur,Galimuyod,0,0,0
Region I (Ilocos Region),Ilocos Sur,Gregorio Del Pilar (Concepcion),0,0,0
Region I (Ilocos Region),Ilocos Sur,Lidlidda,0,0,0
Region I (Ilocos Region),Ilocos Sur,Magsingal,0,0,1
Region I (Ilocos Region),Ilocos Sur,Nagbukel,0,0,1
Region I (Ilocos Region),Ilocos Sur,Narvacan,0,0,5
Region I (Ilocos Region),Ilocos Sur,Quirino (Angaki),0,0,0
Region I (Ilocos Region),Ilocos Sur,Salcedo (Baugen),0,0,0
Region I (Ilocos Region),Ilocos Sur,San Emilio,0,0,0
Region I (Ilocos Region),Ilocos Sur,San Esteban,1,0,0
Region I (Ilocos Region),Ilocos Sur,San Ildefonso,1,0,1
Region I (Ilocos Region),Ilocos Sur,San Juan (Lapog),0,0,1
Region I (Ilocos Region),Ilocos Sur,San Vicente,0,0,0
Region I (Ilocos Region),Ilocos Sur,Santa,1,0,1
Region I (Ilocos Region),Ilocos Sur,Santa Catalina,0,0,1
Region I (Ilocos Region),Ilocos Sur,Santa Cruz,0,0,1
Region I (Ilocos Region),Ilocos Sur,Santa Lucia,0,0,2
Region I (Ilocos Region),Ilocos Sur,Santa Maria,0,1,2
Region I (Ilocos Region),Ilocos Sur,Santiago,0,0,0
Region I (Ilocos Region),Ilocos Sur,Santo Domingo,0,0,2
Region I (Ilocos Region),Ilocos Sur,Sigay,0,0,0
Region I (Ilocos Region),Ilocos Sur,Sinait,1,0,1
Region I (Ilocos Region),Ilocos Sur,Sugpon,0,0,0
Region I (Ilocos Region),Ilocos Sur,Suyo,0,0,0
Region I (Ilocos Region),Ilocos Sur,Tagudin,0,1,5
Region I (Ilocos Region),Ilocos Sur,Vigan (City/Capital),0,4,38
Region I (Ilocos Region),La Union,Agoo,0,0,16
Region I (Ilocos Region),La Union,Aringay,0,0,2
Region I (Ilocos Region),La Union,Bacnotan,1,0,3
Region I (Ilocos Region),La Union,Bagulin,0,0,0
Region I (Ilocos Region),La Union,Balaoan,0,0,1
Region I (Ilocos Region),La Union,Bangar,0,0,2
Region I (Ilocos Region),La Union,Bauang,0,0,10
Region I (Ilocos Region),La Union,Burgos,0,0,0
Region I (Ilocos Region),La Union,Caba,0,0,2
Region I (Ilocos Region),La Union,Luna,0,0,1
Region I (Ilocos Region),La Union,Naguilian,0,0,3
Region I (Ilocos Region),La Union,Pugo,0,0,2
Region I (Ilocos Region),La Union,Rosario,0,3,4
Region I (Ilocos Region),La Union,San Fernando (City/Capital),1,6,67
Region I (Ilocos Region),La Union,San Gabriel,0,0,2
Region I (Ilocos Region),La Union,San Juan,0,0,4
Region I (Ilocos Region),La Union,Santo Tomas,0,0,0
Region I (Ilocos Region),La Union,Santol,0,0,0
Region I (Ilocos Region),La Union,Sudipen,1,0,0
Region I (Ilocos Region),La Union,Tubao,0,0,1
Region I (Ilocos Region),Pangasinan,Agno,0,0,2
Region I (Ilocos Region),Pangasinan,Aguilar,1,0,1
Region I (Ilocos Region),Pangasinan,Alaminos City,1,3,18
Region I (Ilocos Region),Pangasinan,Alcala,0,0,1
Region I (Ilocos Region),Pangasinan,Anda,0,0,2
Region I (Ilocos Region),Pangasinan,Asingan,0,1,0
Region I (Ilocos Region),Pangasinan,Balungao,0,0,0
Region I (Ilocos Region),Pangasinan,Bani,0,1,1
Region I (Ilocos Region),Pangasinan,Basista,0,0,1
Region I (Ilocos Region),Pangasinan,Bautista,0,0,0
Region I (Ilocos Region),Pangasinan,Bayambang,2,2,8
Region I (Ilocos Region),Pangasinan,Binalonan,1,2,3
Region I (Ilocos Region),Pangasinan,Binmaley,0,0,2
Region I (Ilocos Region),Pangasinan,Bolinao,1,2,1
Region I (Ilocos Region),Pangasinan,Bugallon,1,0,1
Region I (Ilocos Region),Pangasinan,Burgos,1,0,1
Region I (Ilocos Region),Pangasinan,Calasiao,1,1,13
Region I (Ilocos Region),Pangasinan,Dagupan City,0,10,72
Region I (Ilocos Region),Pangasinan,Dasol,0,1,1
Region I (Ilocos Region),Pangasinan,Infanta,0,0,0
Region I (Ilocos Region),Pangasinan,Labrador,0,0,1
Region I (Ilocos Region),Pangasinan,Laoac,0,0,1
Region I (Ilocos Region),Pangasinan,Lingayen (Capital),1,4,19
Region I (Ilocos Region),Pangasinan,Mabini,0,0,1
Region I (Ilocos Region),Pangasinan,Malasiqui,3,2,6
Region I (Ilocos Region),Pangasinan,Manaoag,1,1,5
Region I (Ilocos Region),Pangasinan,Mangaldan,0,1,15
Region I (Ilocos Region),Pangasinan,Mangatarem,1,2,4
Region I (Ilocos Region),Pangasinan,Mapandan,0,0,1
Region I (Ilocos Region),Pangasinan,Natividad,0,0,1
Region I (Ilocos Region),Pangasinan,Pozorrubio,1,2,6
Region I (Ilocos Region),Pangasinan,Rosales,0,3,24
Region I (Ilocos Region),Pangasinan,San Carlos (City),1,2,13
Region I (Ilocos Region),Pangasinan,San Fabian,0,2,3
Region I (Ilocos Region),Pangasinan,San Jacinto,0,0,0
Region I (Ilocos Region),Pangasinan,San Manuel,0,1,0
Region I (Ilocos Region),Pangasinan,San Nicolas,0,0,0
Region I (Ilocos Region),Pangasinan,San Quintin,0,1,1
Region I (Ilocos Region),Pangasinan,Santa Barbara,0,2,1
Region I (Ilocos Region),Pangasinan,Santa Maria,0,0,1
Region I (Ilocos Region),Pangasinan,Santo Tomas,0,0,0
Region I (Ilocos Region),Pangasinan,Sison,0,0,1
Region I (Ilocos Region),Pangasinan,Sual,0,0,3
Region I (Ilocos Region),Pangasinan,Tayug,0,1,10
Region I (Ilocos Region),Pangasinan,Umingan,0,2,2
Region I (Ilocos Region),Pangasinan,Urbiztondo,0,2,2
Region I (Ilocos Region),Pangasinan,Urdaneta City,2,6,48
Region I (Ilocos Region),Pangasinan,Villasis,0,1,3
Region II (Cagayan Valley),Batanes,Basco (Capital),0,0,3
Region II (Cagayan Valley),Batanes,Itbayat,0,0,0
Region II (Cagayan Valley),Batanes,Ivana,0,0,0
Region II (Cagayan Valley),Batanes,Mahatao,0,0,0
Region II (Cagayan Valley),Batanes,Sabtang,0,0,0
Region II (Cagayan Valley),Batanes,Uyugan,0,0,0
Region II (Cagayan Valley),Cagayan,Abulug,0,0,0
Region II (Cagayan Valley),Cagayan,Alcala,0,0,0
Region II (Cagayan Valley),Cagayan,Allacapan,1,0,2
Region II (Cagayan Valley),Cagayan,Amulung,0,0,1
Region II (Cagayan Valley),Cagayan,Aparri,1,1,11
Region II (Cagayan Valley),Cagayan,Baggao,0,0,3
Region II (Cagayan Valley),Cagayan,Ballesteros,0,0,0
Region II (Cagayan Valley),Cagayan,Buguey,0,0,1
Region II (Cagayan Valley),Cagayan,Calayan,0,0,0
Region II (Cagayan Valley),Cagayan,Camalaniugan,1,0,2
Region II (Cagayan Valley),Cagayan,Claveria,0,0,1
Region II (Cagayan Valley),Cagayan,Enrile,0,0,1
Region II (Cagayan Valley),Cagayan,Gattaran,1,0,2
Region II (Cagayan Valley),Cagayan,Gonzaga,1,1,1
Region II (Cagayan Valley),Cagayan,Iguig,0,0,1
Region II (Cagayan Valley),Cagayan,Lal-Lo,0,0,2
Region II (Cagayan Valley),Cagayan,Lasam,1,0,2
Region II (Cagayan Valley),Cagayan,Pamplona,0,0,2
Region II (Cagayan Valley),Cagayan,Penablanca,0,0,1
Region II (Cagayan Valley),Cagayan,Piat,0,0,2
Region II (Cagayan Valley),Cagayan,Rizal,0,0,0
Region II (Cagayan Valley),Cagayan,Sanchez-Mira,0,0,3
Region II (Cagayan Valley),Cagayan,Santa Ana,1,1,0
Region II (Cagayan Valley),Cagayan,Santa Praxedes (Langangan),0,0,0
Region II (Cagayan Valley),Cagayan,Santa Teresita,0,0,0
Region II (Cagayan Valley),Cagayan,Santo Nino (Faire),0,0,0
Region II (Cagayan Valley),Cagayan,Solana,1,0,3
Region II (Cagayan Valley),Cagayan,Tuao,0,0,2
Region II (Cagayan Valley),Cagayan,Tuguegarao (City/Capital),1,7,90
Region II (Cagayan Valley),Isabela,Alicia,1,2,8
Region II (Cagayan Valley),Isabela,Angadanan,0,0,0
Region II (Cagayan Valley),Isabela,Aurora,1,1,2
Region II (Cagayan Valley),Isabela,Benito Soliven,0,0,0
Region II (Cagayan Valley),Isabela,Burgos,0,0,0
Region II (Cagayan Valley),Isabela,Cabagan,2,0,5
Region II (Cagayan Valley),Isabela,Cabatuan,0,0,3
Region II (Cagayan Valley),Isabela,Cauayan City,0,4,48
Region II (Cagayan Valley),Isabela,Cordon,1,1,3
Region II (Cagayan Valley),Isabela,Delfin Albano (Magsaysay),1,0,1
Region II (Cagayan Valley),Isabela,Dinapigue,0,0,0
Region II (Cagayan Valley),Isabela,Divilacan,0,0,0
Region II (Cagayan Valley),Isabela,Echague,2,1,5
Region II (Cagayan Valley),Isabela,Gamu,0,0,1
Region II (Cagayan Valley),Isabela,Ilagan City (Capital),0,2,26
Region II (Cagayan Valley),Isabela,Jones,1,0,1
Region II (Cagayan Valley),Isabela,Luna,0,0,0
Region II (Cagayan Valley),Isabela,Maconacon,0,0,0
Region II (Cagayan Valley),Isabela,Mallig,0,1,0
Region II (Cagayan Valley),Isabela,Naguilian,0,0,1
Region II (Cagayan Valley),Isabela,Palanan,0,0,0
Region II (Cagayan Valley),Isabela,Quezon,0,0,0
Region II (Cagayan Valley),Isabela,Quirino,0,1,2
Region II (Cagayan Valley),Isabela,Ramon,2,0,1
Region II (Cagayan Valley),Isabela,Reina Mercedes,0,0,3
Region II (Cagayan Valley),Isabela,Roxas,1,1,11
Region II (Cagayan Valley),Isabela,San Agustin,0,0,0
Region II (Cagayan Valley),Isabela,San Guillermo,0,0,1
Region II (Cagayan Valley),Isabela,San Isidro,0,0,2
Region II (Cagayan Valley),Isabela,San Manuel,0,0,1
Region II (Cagayan Valley),Isabela,San Mariano,1,0,2
Region II (Cagayan Valley),Isabela,San Mateo,2,1,3
Region II (Cagayan Valley),Isabela,San Pablo,1,0,1
Region II (Cagayan Valley),Isabela,Santa Maria,0,0,0
Region II (Cagayan Valley),Isabela,Santiago City,1,4,49
Region II (Cagayan Valley),Isabela,Santo Tomas,0,0,0
Region II (Cagayan Valley),Isabela,Tumauini,2,2,5
Region II (Cagayan Valley),Nueva Vizcaya,Alfonso Castaneda,0,0,0
Region II (Cagayan Valley),Nueva Vizcaya,Ambaguio,0,0,0
Region II (Cagayan Valley),Nueva Vizcaya,Aritao,1,2,1
Region II (Cagayan Valley),Nueva Vizcaya,Bagabag,1,1,1
Region II (Cagayan Valley),Nueva Vizcaya,Bambang,1,1,9
Region II (Cagayan Valley),Nueva Vizcaya,Bayombong (Capital),1,1,6
Region II (Cagayan Valley),Nueva Vizcaya,Diadi,0,0,0
Region II (Cagayan Valley),Nueva Vizcaya,Dupax Del Norte,0,0,1
Region II (Cagayan Valley),Nueva Vizcaya,Dupax Del Sur,0,0,2
Region II (Cagayan Valley),Nueva Vizcaya,Kasibu,0,0,0
Region II (Cagayan Valley),Nueva Vizcaya,Kayapa,0,0,0
Region II (Cagayan Valley),Nueva Vizcaya,Quezon,0,0,0
Region II (Cagayan Valley),Nueva Vizcaya,Santa Fe,0,0,1
Region II (Cagayan Valley),Nueva Vizcaya,Solano,1,3,24
Region II (Cagayan Valley),Nueva Vizcaya,Villa Verde,0,0,0
Region II (Cagayan Valley),Quirino,Aglipay,0,0,1
Region II (Cagayan Valley),Quirino,Cabarroguis (Capital),0,0,6
Region II (Cagayan Valley),Quirino,Diffun,2,0,3
Region II (Cagayan Valley),Quirino,Maddela,3,2,2
Region II (Cagayan Valley),Quirino,Nagtipunan,0,0,0
Region II (Cagayan Valley),Quirino,Saguday,1,0,0
Region III (Central Luzon),Aurora,Baler,0,2,11
Region III (Central Luzon),Aurora,Casiguran,0,0,0
Region III (Central Luzon),Aurora,Dilasag,0,0,1
Region III (Central Luzon),Aurora,Dinalungan,0,0,0
Region III (Central Luzon),Aurora,Dingalan,0,2,2
Region III (Central Luzon),Aurora,Dipaculao,0,0,1
Region III (Central Luzon),Aurora,Maria Aurora,0,1,1
Region III (Central Luzon),Aurora,San Luis,0,0,2
Region III (Central Luzon),Bataan,Abucay,0,0,2
Region III (Central Luzon),Bataan,Bagac,0,0,3
Region III (Central Luzon),Bataan,Balanga (City/Capital),0,5,39
Region III (Central Luzon),Bataan,Dinalupihan,1,3,7
Region III (Central Luzon),Bataan,Hermosa,1,0,8
Region III (Central Luzon),Bataan,Limay,0,2,10
Region III (Central Luzon),Bataan,Mariveles,0,0,39
Region III (Central Luzon),Bataan,Morong,0,0,1
Region III (Central Luzon),Bataan,Orani,0,0,6
Region III (Central Luzon),Bataan,Orion,0,1,2
Region III (Central Luzon),Bataan,Pilar,0,0,2
Region III (Central Luzon),Bataan,Samal,0,0,2
Region III (Central Luzon),Bulacan,Angat,1,0,1
Region III (Central Luzon),Bulacan,Balagtas (Bigaa),1,2,25
Region III (Central Luzon),Bulacan,Baliuag,1,5,47
Region III (Central Luzon),Bulacan,Bocaue,0,3,14
Region III (Central Luzon),Bulacan,Bulacan,0,0,5
Region III (Central Luzon),Bulacan,Bustos,1,2,2
Region III (Central Luzon),Bulacan,Calumpit,0,3,2
Region III (Central Luzon),Bulacan,Dona Remedios Trinidad,0,0,0
Region III (Central Luzon),Bulacan,Guiguinto,0,5,21
Region III (Central Luzon),Bulacan,Hagonoy,0,1,7
Region III (Central Luzon),Bulacan,Malolos (City/Capital),1,13,61
Region III (Central Luzon),Bulacan,Marilao,0,6,34
Region III (Central Luzon),Bulacan,Meycauayan City,1,6,48
Region III (Central Luzon),Bulacan,Norzagaray,2,0,7
Region III (Central Luzon),Bulacan,Obando,0,1,6
Region III (Central Luzon),Bulacan,Pandi,1,1,1
Region III (Central Luzon),Bulacan,Paombong,0,0,1
Region III (Central Luzon),Bulacan,Plaridel,1,5,20
Region III (Central Luzon),Bulacan,Pulilan,1,1,20
Region III (Central Luzon),Bulacan,San Ildefonso,1,3,5
Region III (Central Luzon),Bulacan,San Jose Del Monte City,4,9,56
Region III (Central Luzon),Bulacan,San Miguel,0,3,9
Region III (Central Luzon),Bulacan,San Rafael,1,1,8
Region III (Central Luzon),Bulacan,Santa Maria,0,4,36
Region III (Central Luzon),Nueva Ecija,Aliaga,0,2,0
Region III (Central Luzon),Nueva Ecija,Bongabon,2,2,0
Region III (Central Luzon),Nueva Ecija,Cabanatuan (City),1,7,110
Region III (Central Luzon),Nueva Ecija,Cabiao,1,2,5
Region III (Central Luzon),Nueva Ecija,Carranglan,0,2,0
Region III (Central Luzon),Nueva Ecija,Cuyapo,1,1,1
Region III (Central Luzon),Nueva Ecija,Gabaldon (Bitulok & Sabani),0,0,0
Region III (Central Luzon),Nueva Ecija,Gapan City,0,4,21
Region III (Central Luzon),Nueva Ecija,Gen Tinio (Papaya),1,1,1
Region III (Central Luzon),Nueva Ecija,Gen. Mamerto Natividad,0,0,1
Region III (Central Luzon),Nueva Ecija,Guimba,0,1,8
Region III (Central Luzon),Nueva Ecija,Jaen,1,2,1
Region III (Central Luzon),Nueva Ecija,Laur,0,1,0
Region III (Central Luzon),Nueva Ecija,Licab,1,0,0
Region III (Central Luzon),Nueva Ecija,Llanera,0,1,0
Region III (Central Luzon),Nueva Ecija,Lupao,1,1,0
Region III (Central Luzon),Nueva Ecija,Nampicuan,0,0,0
Region III (Central Luzon),Nueva Ecija,Palayan (City/Capital),1,1,4
Region III (Central Luzon),Nueva Ecija,Pantabangan,0,2,0
Region III (Central Luzon),Nueva Ecija,Penaranda,0,0,0
Region III (Central Luzon),Nueva Ecija,Quezon,0,0,0
Region III (Central Luzon),Nueva Ecija,Rizal,2,2,1
Region III (Central Luzon),Nueva Ecija,San Antonio,1,1,2
Region III (Central Luzon),Nueva Ecija,San Isidro,0,0,3
Region III (Central Luzon),Nueva Ecija,San Jose City,0,2,22
Region III (Central Luzon),Nueva Ecija,San Leonardo,1,1,3
Region III (Central Luzon),Nueva Ecija,Santa Rosa,0,1,7
Region III (Central Luzon),Nueva Ecija,Santo Domingo,1,4,0
Region III (Central Luzon),Nueva Ecija,Science City Of Munoz,0,1,13
Region III (Central Luzon),Nueva Ecija,Talavera,0,1,14
Region III (Central Luzon),Nueva Ecija,Talugtog,0,1,1
Region III (Central Luzon),Nueva Ecija,Zaragoza,1,2,5
Region III (Central Luzon),Pampanga,Angeles (City),1,16,259
Region III (Central Luzon),Pampanga,Apalit,0,1,15
Region III (Central Luzon),Pampanga,Arayat,0,1,3
Region III (Central Luzon),Pampanga,Bacolor,0,0,4
Region III (Central Luzon),Pampanga,Candaba,0,0,1
Region III (Central Luzon),Pampanga,Floridablanca,0,0,6
Region III (Central Luzon),Pampanga,Guagua,0,2,24
Region III (Central Luzon),Pampanga,Lubao,0,0,6
Region III (Central Luzon),Pampanga,Mabalacat City,1,4,59
Region III (Central Luzon),Pampanga,Macabebe,0,1,3
Region III (Central Luzon),Pampanga,Magalang,0,0,12
Region III (Central Luzon),Pampanga,Masantol,0,1,1
Region III (Central Luzon),Pampanga,Mexico,0,0,8
Region III (Central Luzon),Pampanga,Minalin,0,0,1
Region III (Central Luzon),Pampanga,Porac,1,1,4
Region III (Central Luzon),Pampanga,San Fernando (City/Capital),1,17,161
Region III (Central Luzon),Pampanga,San Luis,0,0,0
Region III (Central Luzon),Pampanga,San Simon,0,0,0
Region III (Central Luzon),Pampanga,Santa Ana,0,1,5
Region III (Central Luzon),Pampanga,Santa Rita,0,1,0
Region III (Central Luzon),Pampanga,Santo Tomas,0,0,4
Region III (Central Luzon),Pampanga,Sasmuan (Sexmoan),0,0,0
Region III (Central Luzon),Tarlac,Anao,0,1,1
Region III (Central Luzon),Tarlac,Bamban,0,0,2
Region III (Central Luzon),Tarlac,Camiling,0,2,11
Region III (Central Luzon),Tarlac,Capas,0,3,11
Region III (Central Luzon),Tarlac,Concepcion,0,1,23
Region III (Central Luzon),Tarlac,Gerona,0,0,6
Region III (Central Luzon),Tarlac,La Paz,0,0,0
Region III (Central Luzon),Tarlac,Mayantoc,0,0,0
Region III (Central Luzon),Tarlac,Moncada,0,0,2
Region III (Central Luzon),Tarlac,Paniqui,0,2,19
Region III (Central Luzon),Tarlac,Pura,0,0,0
Region III (Central Luzon),Tarlac,Ramos,0,1,0
Region III (Central Luzon),Tarlac,San Clemente,0,0,1
Region III (Central Luzon),Tarlac,San Jose,0,0,1
Region III (Central Luzon),Tarlac,San Manuel,0,0,0
Region III (Central Luzon),Tarlac,Santa Ignacia,0,1,1
Region III (Central Luzon),Tarlac,Tarlac (City/Capital),2,11,112
Region III (Central Luzon),Tarlac,Victoria,0,1,2
Region III (Central Luzon),Zambales,Botolan,1,0,2
Region III (Central Luzon),Zambales,Cabangan,0,0,1
Region III (Central Luzon),Zambales,Candelaria,0,0,0
Region III (Central Luzon),Zambales,Castillejos,1,2,4
Region III (Central Luzon),Zambales,Iba (Capital),1,2,20
Region III (Central Luzon),Zambales,Masinloc,0,0,5
Region III (Central Luzon),Zambales,Olongapo (City),2,10,102
Region III (Central Luzon),Zambales,Palauig,0,0,0
Region III (Central Luzon),Zambales,San Antonio,2,0,1
Region III (Central Luzon),Zambales,San Felipe,0,0,0
Region III (Central Luzon),Zambales,San Marcelino,2,0,1
Region III (Central Luzon),Zambales,San Narciso,1,1,0
Region III (Central Luzon),Zambales,Santa Cruz,0,0,7
Region III (Central Luzon),Zambales,Subic,0,4,39
Region IV-A (CALABARZON),Batangas,Agoncillo,0,0,2
Region IV-A (CALABARZON),Batangas,Alitagtag,0,0,0
Region IV-A (CALABARZON),Batangas,Balayan,0,1,21
Region IV-A (CALABARZON),Batangas,Balete,0,0,1
Region IV-A (CALABARZON),Batangas,Batangas (City/Capital),1,10,125
Region IV-A (CALABARZON),Batangas,Bauan,0,3,25
Region IV-A (CALABARZON),Batangas,Calaca,0,0,6
Region IV-A (CALABARZON),Batangas,Calatagan,0,0,2
Region IV-A (CALABARZON),Batangas,Cuenca,0,0,5
Region IV-A (CALABARZON),Batangas,Ibaan,0,0,1
Region IV-A (CALABARZON),Batangas,Laurel,0,0,2
Region IV-A (CALABARZON),Batangas,Lemery,0,3,32
Region IV-A (CALABARZON),Batangas,Lian,0,0,1
Region IV-A (CALABARZON),Batangas,Lipa (City),0,18,128
Region IV-A (CALABARZON),Batangas,Lobo,0,0,2
Region IV-A (CALABARZON),Batangas,Mabini,0,1,5
Region IV-A (CALABARZON),Batangas,Malvar,0,1,18
Region IV-A (CALABARZON),Batangas,Mataasnakahoy,0,0,1
Region IV-A (CALABARZON),Batangas,Nasugbu,0,0,23
Region IV-A (CALABARZON),Batangas,Padre Garcia,0,0,0
Region IV-A (CALABARZON),Batangas,Rosario,0,5,28
Region IV-A (CALABARZON),Batangas,San Jose,1,1,4
Region IV-A (CALABARZON),Batangas,San Juan,1,0,6
Region IV-A (CALABARZON),Batangas,San Luis,0,0,1
Region IV-A (CALABARZON),Batangas,San Nicolas,0,0,0
Region IV-A (CALABARZON),Batangas,San Pascual,0,0,3
Region IV-A (CALABARZON),Batangas,Santa Teresita,0,0,1
Region IV-A (CALABARZON),Batangas,Santo Tomas,2,6,48
Region IV-A (CALABARZON),Batangas,Taal,0,0,2
Region IV-A (CALABARZON),Batangas,Talisay,0,0,1
Region IV-A (CALABARZON),Batangas,Tanauan City,0,8,46
Region IV-A (CALABARZON),Batangas,Taysan,0,0,2
Region IV-A (CALABARZON),Batangas,Tingloy,0,0,0
Region IV-A (CALABARZON),Batangas,Tuy,1,0,1
Region IV-A (CALABARZON),Cavite,Alfonso,0,1,1
Region IV-A (CALABARZON),Cavite,Amadeo,0,1,4
Region IV-A (CALABARZON),Cavite,Bacoor City,1,12,107
Region IV-A (CALABARZON),Cavite,Carmona,1,4,40
Region IV-A (CALABARZON),Cavite,Cavite (City),0,4,32
Region IV-A (CALABARZON),Cavite,City Of General Trias,0,6,68
Region IV-A (CALABARZON),Cavite,Dasmarinas City,1,17,154
Region IV-A (CALABARZON),Cavite,General Emilio Aguinaldo,0,0,1
Region IV-A (CALABARZON),Cavite,General Mariano Alvarez,0,1,15
Region IV-A (CALABARZON),Cavite,Imus City,0,16,137
Region IV-A (CALABARZON),Cavite,Indang,3,0,4
Region IV-A (CALABARZON),Cavite,Kawit,0,3,20
Region IV-A (CALABARZON),Cavite,Magallanes,0,0,1
Region IV-A (CALABARZON),Cavite,Maragondon,0,0,2
Region IV-A (CALABARZON),Cavite,Mendez (Mendez-Nunez),0,0,1
Region IV-A (CALABARZON),Cavite,Naic,0,0,12
Region IV-A (CALABARZON),Cavite,Noveleta,0,1,6
Region IV-A (CALABARZON),Cavite,Rosario,0,1,65
Region IV-A (CALABARZON),Cavite,Silang,0,4,34
Region IV-A (CALABARZON),Cavite,Tagaytay (City),0,3,61
Region IV-A (CALABARZON),Cavite,Tanza,1,7,15
Region IV-A (CALABARZON),Cavite,Ternate,0,0,1
Region IV-A (CALABARZON),Cavite,Trece Martires (City/Capital),0,3,27
Region IV-A (CALABARZON),Laguna,Alaminos,1,2,3
Region IV-A (CALABARZON),Laguna,Bay,2,0,2
Region IV-A (CALABARZON),Laguna,Binan City,0,8,110
Region IV-A (CALABARZON),Laguna,Cabuyao City,4,7,50
Region IV-A (CALABARZON),Laguna,Calamba City,5,25,203
Region IV-A (CALABARZON),Laguna,Calauan,2,1,2
Region IV-A (CALABARZON),Laguna,Cavinti,0,0,2
Region IV-A (CALABARZON),Laguna,City Of San Pedro,2,13,72
Region IV-A (CALABARZON),Laguna,Famy,0,0,1
Region IV-A (CALABARZON),Laguna,Kalayaan,0,0,1
Region IV-A (CALABARZON),Laguna,Liliw,0,0,2
Region IV-A (CALABARZON),Laguna,Los Banos,1,5,41
Region IV-A (CALABARZON),Laguna,Luisiana,1,0,3
Region IV-A (CALABARZON),Laguna,Lumban,0,0,2
Region IV-A (CALABARZON),Laguna,Mabitac,0,0,1
Region IV-A (CALABARZON),Laguna,Magdalena,0,0,2
Region IV-A (CALABARZON),Laguna,Majayjay,0,0,2
Region IV-A (CALABARZON),Laguna,Nagcarlan,3,1,2
Region IV-A (CALABARZON),Laguna,Paete,0,0,0
Region IV-A (CALABARZON),Laguna,Pagsanjan,0,0,4
Region IV-A (CALABARZON),Laguna,Pakil,0,0,1
Region IV-A (CALABARZON),Laguna,Pangil,0,0,0
Region IV-A (CALABARZON),Laguna,Pila,0,0,3
Region IV-A (CALABARZON),Laguna,Rizal,0,0,1
Region IV-A (CALABARZON),Laguna,San Pablo (City),7,9,55
Region IV-A (CALABARZON),Laguna,Santa Cruz (Capital),0,3,34
Region IV-A (CALABARZON),Laguna,Santa Maria,0,0,2
Region IV-A (CALABARZON),Laguna,Santa Rosa City,3,20,186
Region IV-A (CALABARZON),Laguna,Siniloan,1,0,8
Region IV-A (CALABARZON),Laguna,Victoria,1,0,0
Region IV-A (CALABARZON),Quezon,Agdangan,0,0,0
Region IV-A (CALABARZON),Quezon,Alabat,0,0,1
Region IV-A (CALABARZON),Quezon,Atimonan,2,1,3
Region IV-A (CALABARZON),Quezon,Buenavista,0,0,1
Region IV-A (CALABARZON),Quezon,Burdeos,0,0,0
Region IV-A (CALABARZON),Quezon,Calauag,1,3,1
Region IV-A (CALABARZON),Quezon,Candelaria,2,2,13
Region IV-A (CALABARZON),Quezon,Catanauan,1,0,5
Region IV-A (CALABARZON),Quezon,Dolores,1,0,0
Region IV-A (CALABARZON),Quezon,General Luna,0,0,1
Region IV-A (CALABARZON),Quezon,General Nakar,0,0,1
Region IV-A (CALABARZON),Quezon,Guinayangan,0,0,1
Region IV-A (CALABARZON),Quezon,Gumaca,1,1,12
Region IV-A (CALABARZON),Quezon,Infanta,1,2,5
Region IV-A (CALABARZON),Quezon,Jomalig,0,0,0
Region IV-A (CALABARZON),Quezon,Lopez,1,0,3
Region IV-A (CALABARZON),Quezon,Lucban,2,2,3
Region IV-A (CALABARZON),Quezon,Lucena (City/Capital),5,8,91
Region IV-A (CALABARZON),Quezon,Macalelon,0,0,1
Region IV-A (CALABARZON),Quezon,Mauban,1,0,4
Region IV-A (CALABARZON),Quezon,Mulanay,1,0,2
Region IV-A (CALABARZON),Quezon,Padre Burgos,0,0,0
Region IV-A (CALABARZON),Quezon,Pagbilao,1,1,3
Region IV-A (CALABARZON),Quezon,Panukulan,0,0,0
Region IV-A (CALABARZON),Quezon,Patnanungan,0,0,0
Region IV-A (CALABARZON),Quezon,Perez,0,0,0
Region IV-A (CALABARZON),Quezon,Pitogo,0,0,2
Region IV-A (CALABARZON),Quezon,Plaridel,0,0,0
Region IV-A (CALABARZON),Quezon,Polillo,0,0,2
Region IV-A (CALABARZON),Quezon,Quezon,0,0,0
Region IV-A (CALABARZON),Quezon,Real,0,0,1
Region IV-A (CALABARZON),Quezon,Sampaloc,1,0,1
Region IV-A (CALABARZON),Quezon,San Andres,0,0,0
Region IV-A (CALABARZON),Quezon,San Antonio,0,0,2
Region IV-A (CALABARZON),Quezon,San Francisco (Aurora),0,0,0
Region IV-A (CALABARZON),Quezon,San Narciso,0,0,1
Region IV-A (CALABARZON),Quezon,Sariaya,3,1,5
Region IV-A (CALABARZON),Quezon,Tagkawayan,2,0,1
Region IV-A (CALABARZON),Quezon,Tayabas City,1,3,4
Region IV-A (CALABARZON),Quezon,Tiaong,2,2,6
Region IV-A (CALABARZON),Quezon,Unisan,1,0,0
Region IV-A (CALABARZON),Rizal,Angono,0,4,25
Region IV-A (CALABARZON),Rizal,Antipolo City,1,22,114
Region IV-A (CALABARZON),Rizal,Baras,0,0,2
Region IV-A (CALABARZON),Rizal,Binangonan,0,3,21
Region IV-A (CALABARZON),Rizal,Cainta,0,12,101
Region IV-A (CALABARZON),Rizal,Cardona,0,0,1
Region IV-A (CALABARZON),Rizal,Jala-Jala,0,0,2
Region IV-A (CALABARZON),Rizal,Morong,0,1,4
Region IV-A (CALABARZON),Rizal,Pililla,0,0,1
Region IV-A (CALABARZON),Rizal,Rodriguez (Montalban),0,4,22
Region IV-A (CALABARZON),Rizal,San Mateo,1,2,30
Region IV-A (CALABARZON),Rizal,Tanay,0,4,15
Region IV-A (CALABARZON),Rizal,Taytay,0,10,73
Region IV-A (CALABARZON),Rizal,Teresa,0,1,7
Region IV-B (MIMAROPA),Marinduque,Boac (Capital),0,1,5
Region IV-B (MIMAROPA),Marinduque,Buenavista,1,0,1
Region IV-B (MIMAROPA),Marinduque,Gasan,1,0,1
Region IV-B (MIMAROPA),Marinduque,Mogpog,1,0,2
Region IV-B (MIMAROPA),Marinduque,Sta Cruz,0,0,3
Region IV-B (MIMAROPA),Marinduque,Torrijos,1,0,1
Region IV-B (MIMAROPA),Occidental Mindoro,Abra De Ilog,0,0,0
Region IV-B (MIMAROPA),Occidental Mindoro,Calintaan,0,0,1
Region IV-B (MIMAROPA),Occidental Mindoro,Looc,0,0,0
Region IV-B (MIMAROPA),Occidental Mindoro,Lubang,0,0,0
Region IV-B (MIMAROPA),Occidental Mindoro,Magsaysay,0,0,1
Region IV-B (MIMAROPA),Occidental Mindoro,Mamburao (Capital),1,0,4
Region IV-B (MIMAROPA),Occidental Mindoro,Paluan,0,0,0
Region IV-B (MIMAROPA),Occidental Mindoro,Rizal,0,0,1
Region IV-B (MIMAROPA),Occidental Mindoro,Sablayan,1,1,2
Region IV-B (MIMAROPA),Occidental Mindoro,San Jose,1,3,15
Region IV-B (MIMAROPA),Occidental Mindoro,Santa Cruz,1,0,4
Region IV-B (MIMAROPA),Oriental Mindoro,Baco,0,0,1
Region IV-B (MIMAROPA),Oriental Mindoro,Bansud,0,0,2
Region IV-B (MIMAROPA),Oriental Mindoro,Bongabong,0,1,2
Region IV-B (MIMAROPA),Oriental Mindoro,Bulalacao (San Pedro),0,0,1
Region IV-B (MIMAROPA),Oriental Mindoro,Calapan (City/Capital),1,6,47
Region IV-B (MIMAROPA),Oriental Mindoro,Gloria,0,1,2
Region IV-B (MIMAROPA),Oriental Mindoro,Mansalay,0,0,1
Region IV-B (MIMAROPA),Oriental Mindoro,Naujan,0,0,2
Region IV-B (MIMAROPA),Oriental Mindoro,Pinamalayan,1,1,7
Region IV-B (MIMAROPA),Oriental Mindoro,Pola,0,0,0
Region IV-B (MIMAROPA),Oriental Mindoro,Puerto Galera,1,3,2
Region IV-B (MIMAROPA),Oriental Mindoro,Roxas,1,2,2
Region IV-B (MIMAROPA),Oriental Mindoro,San Teodoro,0,0,1
Region IV-B (MIMAROPA),Oriental Mindoro,Socorro,0,0,1
Region IV-B (MIMAROPA),Oriental Mindoro,Victoria,0,1,1
Region IV-B (MIMAROPA),Palawan,Aborlan,1,1,1
Region IV-B (MIMAROPA),Palawan,Agutaya,0,0,0
Region IV-B (MIMAROPA),Palawan,Araceli (Dumaran),0,0,0
Region IV-B (MIMAROPA),Palawan,Balabac,0,0,0
Region IV-B (MIMAROPA),Palawan,Bataraza,0,1,3
Region IV-B (MIMAROPA),Palawan,Brooke's Point,0,2,2
Region IV-B (MIMAROPA),Palawan,Busuanga,0,0,1
Region IV-B (MIMAROPA),Palawan,Cagayancillo,0,0,0
Region IV-B (MIMAROPA),Palawan,Coron,0,1,8
Region IV-B (MIMAROPA),Palawan,Culion,0,0,0
Region IV-B (MIMAROPA),Palawan,Cuyo,0,0,0
Region IV-B (MIMAROPA),Palawan,Dumaran,0,0,0
Region IV-B (MIMAROPA),Palawan,El Nido (Bacuit),0,2,8
Region IV-B (MIMAROPA),Palawan,Kalayaan,0,0,0
Region IV-B (MIMAROPA),Palawan,Linacapan,0,0,0
Region IV-B (MIMAROPA),Palawan,Magsaysay,0,0,0
Region IV-B (MIMAROPA),Palawan,Narra,0,1,2
Region IV-B (MIMAROPA),Palawan,Puerto Princesa City (Capital),2,11,91
Region IV-B (MIMAROPA),Palawan,Quezon,0,2,1
Region IV-B (MIMAROPA),Palawan,Rizal,0,0,0
Region IV-B (MIMAROPA),Palawan,Roxas,0,2,0
Region IV-B (MIMAROPA),Palawan,San Vicente,0,0,1
Region IV-B (MIMAROPA),Palawan,Sofronio Espanola,1,2,0
Region IV-B (MIMAROPA),Palawan,Taytay,0,2,1
Region IV-B (MIMAROPA),Romblon,Alcantara,0,0,0
Region IV-B (MIMAROPA),Romblon,Banton,0,0,0
Region IV-B (MIMAROPA),Romblon,Cajidiocan,0,0,1
Region IV-B (MIMAROPA),Romblon,Calatrava,0,0,0
Region IV-B (MIMAROPA),Romblon,Concepcion,0,0,0
Region IV-B (MIMAROPA),Romblon,Corcuera,0,0,0
Region IV-B (MIMAROPA),Romblon,Ferrol,0,0,0
Region IV-B (MIMAROPA),Romblon,Imelda,0,0,0
Region IV-B (MIMAROPA),Romblon,Looc,0,0,0
Region IV-B (MIMAROPA),Romblon,Magdiwang,0,0,1
Region IV-B (MIMAROPA),Romblon,Odiongan,0,1,6
Region IV-B (MIMAROPA),Romblon,Romblon (Capital),0,0,4
Region IV-B (MIMAROPA),Romblon,San Agustin,0,0,0
Region IV-B (MIMAROPA),Romblon,San Andres,0,0,0
Region IV-B (MIMAROPA),Romblon,San Fernando,0,0,1
Region IV-B (MIMAROPA),Romblon,San Jose,0,0,0
Region IV-B (MIMAROPA),Romblon,Santa Fe,0,0,0
Region IX (Zamboanga Peninsula),Basilan,Isabela (City/Capital),0,0,14
Region IX (Zamboanga Peninsula),Zamboanga Del Norte,Bacungan (Leon T. Postigo),0,0,0
Region IX (Zamboanga Peninsula),Zamboanga Del Norte,Baliguian,0,0,0
Region IX (Zamboanga Peninsula),Zamboanga Del Norte,Dapitan (City),1,1,8
Region IX (Zamboanga Peninsula),Zamboanga Del Norte,Dipolog (City/Capital),3,6,34
Region IX (Zamboanga Peninsula),Zamboanga Del Norte,Godod,0,0,0
Region IX (Zamboanga Peninsula),Zamboanga Del Norte,Gutalac,0,0,0
Region IX (Zamboanga Peninsula),Zamboanga Del Norte,Jose Dalman (Ponot),0,0,1
Region IX (Zamboanga Peninsula),Zamboanga Del Norte,Kalawit,0,0,0
Region IX (Zamboanga Peninsula),Zamboanga Del Norte,Katipunan,1,0,1
Region IX (Zamboanga Peninsula),Zamboanga Del Norte,La Libertad,0,0,0
Region IX (Zamboanga Peninsula),Zamboanga Del Norte,Labason,0,0,1
Region IX (Zamboanga Peninsula),Zamboanga Del Norte,Liloy,0,0,2
Region IX (Zamboanga Peninsula),Zamboanga Del Norte,Manukan,0,0,1
Region IX (Zamboanga Peninsula),Zamboanga Del Norte,Mutia,0,0,0
Region IX (Zamboanga Peninsula),Zamboanga Del Norte,Pinan (New Pinan),0,0,1
Region IX (Zamboanga Peninsula),Zamboanga Del Norte,Polanco,0,0,1
Region IX (Zamboanga Peninsula),Zamboanga Del Norte,President Manuel A. Roxas,0,0,2
Region IX (Zamboanga Peninsula),Zamboanga Del Norte,Rizal,0,0,2
Region IX (Zamboanga Peninsula),Zamboanga Del Norte,Salug,0,0,0
Region IX (Zamboanga Peninsula),Zamboanga Del Norte,Sergio Osmena Sr,0,0,1
Region IX (Zamboanga Peninsula),Zamboanga Del Norte,Siayan,0,0,0
Region IX (Zamboanga Peninsula),Zamboanga Del Norte,Sibuco,0,0,0
Region IX (Zamboanga Peninsula),Zamboanga Del Norte,Sibutad,0,0,0
Region IX (Zamboanga Peninsula),Zamboanga Del Norte,Sindangan,2,0,5
Region IX (Zamboanga Peninsula),Zamboanga Del Norte,Siocon,0,0,0
Region IX (Zamboanga Peninsula),Zamboanga Del Norte,Sirawai,0,0,0
Region IX (Zamboanga Peninsula),Zamboanga Del Norte,Tampilisan,0,0,0
Region IX (Zamboanga Peninsula),Zamboanga Del Sur,Aurora,0,0,2
Region IX (Zamboanga Peninsula),Zamboanga Del Sur,Bayog,0,0,0
Region IX (Zamboanga Peninsula),Zamboanga Del Sur,Dimataling,0,0,0
Region IX (Zamboanga Peninsula),Zamboanga Del Sur,Dinas,0,0,0
Region IX (Zamboanga Peninsula),Zamboanga Del Sur,Dumalinao,0,0,1
Region IX (Zamboanga Peninsula),Zamboanga Del Sur,Dumingag,0,0,1
Region IX (Zamboanga Peninsula),Zamboanga Del Sur,Guipos,0,0,2
Region IX (Zamboanga Peninsula),Zamboanga Del Sur,Josefina,0,0,0
Region IX (Zamboanga Peninsula),Zamboanga Del Sur,Kumalarang,0,0,0
Region IX (Zamboanga Peninsula),Zamboanga Del Sur,Labangan,0,0,1
Region IX (Zamboanga Peninsula),Zamboanga Del Sur,Lakewood,0,0,0
Region IX (Zamboanga Peninsula),Zamboanga Del Sur,Lapuyan,0,0,0
Region IX (Zamboanga Peninsula),Zamboanga Del Sur,Mahayag,0,0,1
Region IX (Zamboanga Peninsula),Zamboanga Del Sur,Margosatubig,0,0,2
Region IX (Zamboanga Peninsula),Zamboanga Del Sur,Midsalip,0,0,0
Region IX (Zamboanga Peninsula),Zamboanga Del Sur,Molave,1,1,7
Region IX (Zamboanga Peninsula),Zamboanga Del Sur,Pagadian (City/Capital),3,2,45
Region IX (Zamboanga Peninsula),Zamboanga Del Sur,Pitogo,0,0,0
Region IX (Zamboanga Peninsula),Zamboanga Del Sur,Ramon Magsaysay (Liargo),0,0,1
Region IX (Zamboanga Peninsula),Zamboanga Del Sur,San Miguel,0,0,1
Region IX (Zamboanga Peninsula),Zamboanga Del Sur,San Pablo,0,0,0
Region IX (Zamboanga Peninsula),Zamboanga Del Sur,Sominot (Don Mariano Marcos),0,0,0
Region IX (Zamboanga Peninsula),Zamboanga Del Sur,Tabina,0,0,0
Region IX (Zamboanga Peninsula),Zamboanga Del Sur,Tambulig,0,0,0
Region IX (Zamboanga Peninsula),Zamboanga Del Sur,Tigbao,0,0,0
Region IX (Zamboanga Peninsula),Zamboanga Del Sur,Tukuran,0,0,0
Region IX (Zamboanga Peninsula),Zamboanga Del Sur,Vincenzo A. Sagun,0,0,0
Region IX (Zamboanga Peninsula),Zamboanga Del Sur,Zamboanga (City),8,5,144
Region IX (Zamboanga Peninsula),Zamboanga Sibugay,Alicia,0,0,0
Region IX (Zamboanga Peninsula),Zamboanga Sibugay,Buug,0,0,3
Region IX (Zamboanga Peninsula),Zamboanga Sibugay,Diplahan,0,0,1
Region IX (Zamboanga Peninsula),Zamboanga Sibugay,Imelda,0,0,1
Region IX (Zamboanga Peninsula),Zamboanga Sibugay,Ipil (Capital),1,0,14
Region IX (Zamboanga Peninsula),Zamboanga Sibugay,Kabasalan,1,0,1
Region IX (Zamboanga Peninsula),Zamboanga Sibugay,Mabuhay,0,0,0
Region IX (Zamboanga Peninsula),Zamboanga Sibugay,Malangas,0,0,1
Region IX (Zamboanga Peninsula),Zamboanga Sibugay,Naga,0,0,0
Region IX (Zamboanga Peninsula),Zamboanga Sibugay,Olutanga,0,0,0
Region IX (Zamboanga Peninsula),Zamboanga Sibugay,Payao,0,0,0
Region IX (Zamboanga Peninsula),Zamboanga Sibugay,Roseller Lim,0,0,1
Region IX (Zamboanga Peninsula),Zamboanga Sibugay,Siay,0,0,1
Region IX (Zamboanga Peninsula),Zamboanga Sibugay,Talusan,0,0,0
Region IX (Zamboanga Peninsula),Zamboanga Sibugay,Titay,0,0,1
Region IX (Zamboanga Peninsula),Zamboanga Sibugay,Tungawan,0,0,1
Region V (Bicol Region),Albay,Bacacay,1,0,2
Region V (Bicol Region),Albay,Camalig,0,0,1
Region V (Bicol Region),Albay,Daraga (Locsin),0,1,12
Region V (Bicol Region),Albay,Guinobatan,0,4,2
Region V (Bicol Region),Albay,Jovellar,0,0,1
Region V (Bicol Region),Albay,Legazpi (City/Capital),1,17,110
Region V (Bicol Region),Albay,Libon,0,0,3
Region V (Bicol Region),Albay,Ligao City,0,1,6
Region V (Bicol Region),Albay,Malilipot,0,0,0
Region V (Bicol Region),Albay,Malinao,0,0,0
Region V (Bicol Region),Albay,Manito,0,0,1
Region V (Bicol Region),Albay,Oas,0,0,0
Region V (Bicol Region),Albay,Pio Duran,0,0,2
Region V (Bicol Region),Albay,Polangui,0,2,6
Region V (Bicol Region),Albay,Rapu-Rapu,0,0,0
Region V (Bicol Region),Albay,Santo Domingo (Libog),0,0,1
Region V (Bicol Region),Albay,Tabaco City,0,3,18
Region V (Bicol Region),Albay,Tiwi,0,0,3
Region V (Bicol Region),Camarines Norte,Basud,0,0,1
Region V (Bicol Region),Camarines Norte,Capalonga,0,0,1
Region V (Bicol Region),Camarines Norte,Daet (Capital),1,3,32
Region V (Bicol Region),Camarines Norte,Imelda,0,0,0
Region V (Bicol Region),Camarines Norte,Jose Panganiban,4,0,1
Region V (Bicol Region),Camarines Norte,Labo,1,0,4
Region V (Bicol Region),Camarines Norte,Mercedes,0,0,2
Region V (Bicol Region),Camarines Norte,Paracale,1,0,1
Region V (Bicol Region),Camarines Norte,San Vicente,0,0,1
Region V (Bicol Region),Camarines Norte,Santa Elena,0,0,2
Region V (Bicol Region),Camarines Norte,Talisay,0,0,2
Region V (Bicol Region),Camarines Norte,Vinzons,0,0,1
Region V (Bicol Region),Camarines Sur,Baao,0,2,3
Region V (Bicol Region),Camarines Sur,Balatan,0,0,0
Region V (Bicol Region),Camarines Sur,Bato,0,0,2
Region V (Bicol Region),Camarines Sur,Bombon,0,0,0
Region V (Bicol Region),Camarines Sur,Buhi,0,0,2
Region V (Bicol Region),Camarines Sur,Bula,0,0,1
Region V (Bicol Region),Camarines Sur,Cabusao,0,0,0
Region V (Bicol Region),Camarines Sur,Calabanga,0,2,4
Region V (Bicol Region),Camarines Sur,Camaligan,0,0,1
Region V (Bicol Region),Camarines Sur,Canaman,0,0,2
Region V (Bicol Region),Camarines Sur,Caramoan,0,1,0
Region V (Bicol Region),Camarines Sur,Del Gallego,0,0,0
Region V (Bicol Region),Camarines Sur,Gainza,0,0,0
Region V (Bicol Region),Camarines Sur,Garchitorena,0,0,0
Region V (Bicol Region),Camarines Sur,Goa,0,3,3
Region V (Bicol Region),Camarines Sur,Iriga (City),0,3,22
Region V (Bicol Region),Camarines Sur,Lagonoy,1,0,1
Region V (Bicol Region),Camarines Sur,Libmanan,1,1,1
Region V (Bicol Region),Camarines Sur,Lupi,0,0,0
Region V (Bicol Region),Camarines Sur,Magarao,0,1,0
Region V (Bicol Region),Camarines Sur,Milaor,0,0,2
Region V (Bicol Region),Camarines Sur,Minalabac,0,0,0
Region V (Bicol Region),Camarines Sur,Nabua,1,3,4
Region V (Bicol Region),Camarines Sur,Naga (City),2,12,118
Region V (Bicol Region),Camarines Sur,Ocampo,0,0,1
Region V (Bicol Region),Camarines Sur,Pamplona,0,1,0
Region V (Bicol Region),Camarines Sur,Pasacao,0,2,1
Region V (Bicol Region),Camarines Sur,Pili (Capital),1,1,15
Region V (Bicol Region),Camarines Sur,Presentacion (Parubcan),0,0,0
Region V (Bicol Region),Camarines Sur,Ragay,0,2,0
Region V (Bicol Region),Camarines Sur,Sagnay,0,0,1
Region V (Bicol Region),Camarines Sur,San Fernando,0,1,0
Region V (Bicol Region),Camarines Sur,San Jose,0,0,1
Region V (Bicol Region),Camarines Sur,Sipocot,1,1,2
Region V (Bicol Region),Camarines Sur,Siruma,0,0,0
Region V (Bicol Region),Camarines Sur,Tigaon,0,1,1
Region V (Bicol Region),Camarines Sur,Tinambac,0,2,0
Region V (Bicol Region),Catanduanes,Bagamanoc,0,0,0
Region V (Bicol Region),Catanduanes,Baras,0,0,2
Region V (Bicol Region),Catanduanes,Bato,0,0,0
Region V (Bicol Region),Catanduanes,Caramoran,0,0,0
Region V (Bicol Region),Catanduanes,Gigmoto,0,0,0
Region V (Bicol Region),Catanduanes,Pandan,0,0,0
Region V (Bicol Region),Catanduanes,Panganiban (Payo),0,0,0
Region V (Bicol Region),Catanduanes,San Andres (Calolbon),0,0,5
Region V (Bicol Region),Catanduanes,San Miguel,0,0,0
Region V (Bicol Region),Catanduanes,Viga,0,0,1
Region V (Bicol Region),Catanduanes,Virac (Capital),0,2,18
Region V (Bicol Region),Masbate,Aroroy,1,0,3
Region V (Bicol Region),Masbate,Baleno,0,0,0
Region V (Bicol Region),Masbate,Balud,0,0,1
Region V (Bicol Region),Masbate,Batuan,0,0,0
Region V (Bicol Region),Masbate,Cataingan,1,0,3
Region V (Bicol Region),Masbate,Cauayan,0,0,0
Region V (Bicol Region),Masbate,Claveria,0,0,0
Region V (Bicol Region),Masbate,Dimasalang,0,0,1
Region V (Bicol Region),Masbate,Esperanza,0,0,0
Region V (Bicol Region),Masbate,Mandaon,0,0,1
Region V (Bicol Region),Masbate,Masbate (City/Capital),1,2,26
Region V (Bicol Region),Masbate,Milagros,0,0,2
Region V (Bicol Region),Masbate,Mobo,0,0,2
Region V (Bicol Region),Masbate,Monreal,0,0,0
Region V (Bicol Region),Masbate,Palanas,0,0,0
Region V (Bicol Region),Masbate,Pio V. Corpuz (Limbuhan),0,0,0
Region V (Bicol Region),Masbate,Placer,0,0,2
Region V (Bicol Region),Masbate,San Fernando,0,0,0
Region V (Bicol Region),Masbate,San Jacinto,0,0,0
Region V (Bicol Region),Masbate,San Pascual,0,0,0
Region V (Bicol Region),Masbate,Uson,0,0,0
Region V (Bicol Region),Sorsogon,Barcelona,0,0,1
Region V (Bicol Region),Sorsogon,Bulan,0,1,2
Region V (Bicol Region),Sorsogon,Bulusan,0,0,1
Region V (Bicol Region),Sorsogon,Casiguran,1,0,1
Region V (Bicol Region),Sorsogon,Castilla,0,0,1
Region V (Bicol Region),Sorsogon,Donsol,0,0,1
Region V (Bicol Region),Sorsogon,Gubat,0,1,0
Region V (Bicol Region),Sorsogon,Irosin,0,0,3
Region V (Bicol Region),Sorsogon,Juban,0,0,0
Region V (Bicol Region),Sorsogon,Magallanes,0,0,1
Region V (Bicol Region),Sorsogon,Matnog,0,0,1
Region V (Bicol Region),Sorsogon,Pilar,1,0,2
Region V (Bicol Region),Sorsogon,Prieto Diaz,0,0,1
Region V (Bicol Region),Sorsogon,Santa Magdalena,0,0,0
Region V (Bicol Region),Sorsogon,Sorsogon (City/Capital),0,6,26
Region VI (Western Visayas),Aklan,Altavas,0,1,1
Region VI (Western Visayas),Aklan,Balete,0,0,0
Region VI (Western Visayas),Aklan,Banga,0,0,2
Region VI (Western Visayas),Aklan,Batan,0,0,0
Region VI (Western Visayas),Aklan,Buruanga,0,0,0
Region VI (Western Visayas),Aklan,Ibajay,1,0,0
Region VI (Western Visayas),Aklan,Kalibo (Capital),1,6,44
Region VI (Western Visayas),Aklan,Lezo,0,0,1
Region VI (Western Visayas),Aklan,Libacao,0,0,0
Region VI (Western Visayas),Aklan,Madalag,0,0,0
Region VI (Western Visayas),Aklan,Makato,0,0,1
Region VI (Western Visayas),Aklan,Malay,1,10,51
Region VI (Western Visayas),Aklan,Malinao,0,0,0
Region VI (Western Visayas),Aklan,Nabas,1,0,0
Region VI (Western Visayas),Aklan,New Washington,1,0,0
Region VI (Western Visayas),Aklan,Numancia,0,1,0
Region VI (Western Visayas),Aklan,Tangalan,0,0,1
Region VI (Western Visayas),Antique,Anini-Y,0,0,0
Region VI (Western Visayas),Antique,Barbaza,0,0,0
Region VI (Western Visayas),Antique,Belison,0,0,0
Region VI (Western Visayas),Antique,Bugasong,0,2,0
Region VI (Western Visayas),Antique,Caluya,6,0,0
Region VI (Western Visayas),Antique,Culasi,1,1,2
Region VI (Western Visayas),Antique,Hamtic,0,0,0
Region VI (Western Visayas),Antique,Laua-An,0,0,0
Region VI (Western Visayas),Antique,Libertad,0,0,0
Region VI (Western Visayas),Antique,Pandan,0,0,0
Region VI (Western Visayas),Antique,Patnongon,0,0,0
Region VI (Western Visayas),Antique,San Jose (Capital),2,4,29
Region VI (Western Visayas),Antique,San Remegio,0,0,2
Region VI (Western Visayas),Antique,Sebaste,0,0,0
Region VI (Western Visayas),Antique,Sibalom,0,2,3
Region VI (Western Visayas),Antique,Tibiao,0,0,0
Region VI (Western Visayas),Antique,Tobias Fornier (Dao),0,0,0
Region VI (Western Visayas),Antique,Valderama,0,0,0
Region VI (Western Visayas),Capiz,Cuartero,0,0,0
Region VI (Western Visayas),Capiz,Dao,0,0,2
Region VI (Western Visayas),Capiz,Dumalag,1,0,0
Region VI (Western Visayas),Capiz,Dumarao,0,0,0
Region VI (Western Visayas),Capiz,Ivisan,0,0,0
Region VI (Western Visayas),Capiz,Jamindan,0,0,0
Region VI (Western Visayas),Capiz,Ma-Ayon,0,0,0
Region VI (Western Visayas),Capiz,Mambusao,1,1,2
Region VI (Western Visayas),Capiz,Panay,0,0,0
Region VI (Western Visayas),Capiz,Panitan,0,0,0
Region VI (Western Visayas),Capiz,Pilar,0,0,0
Region VI (Western Visayas),Capiz,Pontevedra,1,0,0
Region VI (Western Visayas),Capiz,President Roxas,0,1,2
Region VI (Western Visayas),Capiz,Roxas (City/Capital),2,6,57
Region VI (Western Visayas),Capiz,Sapian,0,0,0
Region VI (Western Visayas),Capiz,Sigma,1,0,0
Region VI (Western Visayas),Capiz,Tapaz,0,0,0
Region VI (Western Visayas),Guimaras,Buenavista,0,0,3
Region VI (Western Visayas),Guimaras,Jordan (Capital),2,0,4
Region VI (Western Visayas),Guimaras,Nueva Valencia,0,0,0
Region VI (Western Visayas),Guimaras,San Lorenzo,0,0,0
Region VI (Western Visayas),Guimaras,Sibunag,0,0,0
Region VI (Western Visayas),Iloilo,Ajuy,0,0,0
Region VI (Western Visayas),Iloilo,Alimodian,0,0,0
Region VI (Western Visayas),Iloilo,Anilao,0,0,0
Region VI (Western Visayas),Iloilo,Badiangan,0,0,0
Region VI (Western Visayas),Iloilo,Balasan,1,0,1
Region VI (Western Visayas),Iloilo,Banate,0,0,0
Region VI (Western Visayas),Iloilo,Barotac Nuevo,0,4,2
Region VI (Western Visayas),Iloilo,Barotac Viejo,1,0,0
Region VI (Western Visayas),Iloilo,Batad,0,0,0
Region VI (Western Visayas),Iloilo,Bingawan,0,0,0
Region VI (Western Visayas),Iloilo,Cabatuan,0,2,3
Region VI (Western Visayas),Iloilo,Calinog,0,0,1
Region VI (Western Visayas),Iloilo,Carles,0,0,0
Region VI (Western Visayas),Iloilo,Concepcion,0,0,0
Region VI (Western Visayas),Iloilo,Dingle,0,0,0
Region VI (Western Visayas),Iloilo,Duenas,0,0,0
Region VI (Western Visayas),Iloilo,Dumangas,0,0,0
Region VI (Western Visayas),Iloilo,Estancia,3,1,3
Region VI (Western Visayas),Iloilo,Guimbal,0,0,1
Region VI (Western Visayas),Iloilo,Igbaras,0,0,0
Region VI (Western Visayas),Iloilo,Iloilo (City/Capital),8,24,266
Region VI (Western Visayas),Iloilo,Janiuay,0,0,2
Region VI (Western Visayas),Iloilo,Lambunao,0,1,0
Region VI (Western Visayas),Iloilo,Leganes,0,1,0
Region VI (Western Visayas),Iloilo,Lemery,0,0,0
Region VI (Western Visayas),Iloilo,Leon,0,0,0
Region VI (Western Visayas),Iloilo,Maasin,0,0,0
Region VI (Western Visayas),Iloilo,Miagao,1,0,4
Region VI (Western Visayas),Iloilo,Mina,0,0,0
Region VI (Western Visayas),Iloilo,New Lucena,0,0,0
Region VI (Western Visayas),Iloilo,Oton,1,2,3
Region VI (Western Visayas),Iloilo,Passi City,2,0,9
Region VI (Western Visayas),Iloilo,Pavia,0,1,9
Region VI (Western Visayas),Iloilo,Pototan,1,0,5
Region VI (Western Visayas),Iloilo,San Dionisio,0,0,0
Region VI (Western Visayas),Iloilo,San Enrique,0,0,0
Region VI (Western Visayas),Iloilo,San Joaquin,0,1,0
Region VI (Western Visayas),Iloilo,San Miguel,0,1,1
Region VI (Western Visayas),Iloilo,San Rafael,0,0,1
Region VI (Western Visayas),Iloilo,Santa Barbara,1,1,3
Region VI (Western Visayas),Iloilo,Sara,2,0,5
Region VI (Western Visayas),Iloilo,Tigbauan,2,1,0
Region VI (Western Visayas),Iloilo,Tubungan,0,0,0
Region VI (Western Visayas),Iloilo,Zarraga,0,1,1
Region VI (Western Visayas),Negros Occidental,Bacolod (City/Capital),1,11,225
Region VI (Western Visayas),Negros Occidental,Bago City,0,1,6
Region VI (Western Visayas),Negros Occidental,Binalbagan,1,1,4
Region VI (Western Visayas),Negros Occidental,Cadiz (City),0,1,10
Region VI (Western Visayas),Negros Occidental,Calatrava,0,0,0
Region VI (Western Visayas),Negros Occidental,Candoni,0,0,0
Region VI (Western Visayas),Negros Occidental,Cauayan,0,0,0
Region VI (Western Visayas),Negros Occidental,Enrique B. Magalona (Saravia),1,0,2
Region VI (Western Visayas),Negros Occidental,Escalante City,0,3,4
Region VI (Western Visayas),Negros Occidental,Himamaylan City,1,1,1
Region VI (Western Visayas),Negros Occidental,Hinigaran,1,1,5
Region VI (Western Visayas),Negros Occidental,Hinoba-An (Asia),1,0,0
Region VI (Western Visayas),Negros Occidental,Ilog,0,0,0
Region VI (Western Visayas),Negros Occidental,Isabela,0,0,0
Region VI (Western Visayas),Negros Occidental,Kabankalan City,0,2,23
Region VI (Western Visayas),Negros Occidental,La Carlota (City),1,0,6
Region VI (Western Visayas),Negros Occidental,La Castellana,0,1,0
Region VI (Western Visayas),Negros Occidental,Manapla,1,0,1
Region VI (Western Visayas),Negros Occidental,Moises Padilla (Magallon),0,0,0
Region VI (Western Visayas),Negros Occidental,Murcia,0,0,0
Region VI (Western Visayas),Negros Occidental,Pontevedra,2,0,0
Region VI (Western Visayas),Negros Occidental,Pulupandan,0,0,0
Region VI (Western Visayas),Negros Occidental,Sagay City,0,0,6
Region VI (Western Visayas),Negros Occidental,Salvador Benedicto,0,0,0
Region VI (Western Visayas),Negros Occidental,San Carlos (City),0,2,16
Region VI (Western Visayas),Negros Occidental,San Enrique,0,0,0
Region VI (Western Visayas),Negros Occidental,Silay (City),0,1,16
Region VI (Western Visayas),Negros Occidental,Sipalay City,0,0,2
Region VI (Western Visayas),Negros Occidental,Talisay City,2,1,13
Region VI (Western Visayas),Negros Occidental,Toboso,0,0,0
Region VI (Western Visayas),Negros Occidental,Valladolid,1,1,0
Region VI (Western Visayas),Negros Occidental,Victorias City,0,1,13
Region VII (Central Visayas),Bohol,Alburquerque,0,1,0
Region VII (Central Visayas),Bohol,Alicia,0,1,1
Region VII (Central Visayas),Bohol,Anda,0,1,1
Region VII (Central Visayas),Bohol,Antequera,0,1,0
Region VII (Central Visayas),Bohol,Baclayon,0,1,0
Region VII (Central Visayas),Bohol,Balilihan,0,1,0
Region VII (Central Visayas),Bohol,Batuan,0,1,0
Region VII (Central Visayas),Bohol,Bien Unido,0,2,0
Region VII (Central Visayas),Bohol,Bilar,0,2,0
Region VII (Central Visayas),Bohol,Buenavista,0,1,0
Region VII (Central Visayas),Bohol,Calape,0,1,1
Region VII (Central Visayas),Bohol,Candijay,0,2,0
Region VII (Central Visayas),Bohol,Carmen,0,2,3
Region VII (Central Visayas),Bohol,Catigbian,0,1,1
Region VII (Central Visayas),Bohol,Clarin,0,1,1
Region VII (Central Visayas),Bohol,Corella,0,1,0
Region VII (Central Visayas),Bohol,Cortes,0,1,0
Region VII (Central Visayas),Bohol,Dagohoy,0,1,0
Region VII (Central Visayas),Bohol,Danao,0,1,0
Region VII (Central Visayas),Bohol,Dauis,0,0,1
Region VII (Central Visayas),Bohol,Dimiao,0,1,0
Region VII (Central Visayas),Bohol,Duero,0,1,0
Region VII (Central Visayas),Bohol,Garcia Hernandez,0,1,0
Region VII (Central Visayas),Bohol,Getafe,0,1,0
Region VII (Central Visayas),Bohol,Guindulman,0,1,1
Region VII (Central Visayas),Bohol,Inabanga,0,3,1
Region VII (Central Visayas),Bohol,Jagna,0,3,4
Region VII (Central Visayas),Bohol,Lila,0,1,0
Region VII (Central Visayas),Bohol,Loay,0,1,0
Region VII (Central Visayas),Bohol,Loboc,0,1,0
Region VII (Central Visayas),Bohol,Loon,0,1,2
Region VII (Central Visayas),Bohol,Mabini,0,1,0
Region VII (Central Visayas),Bohol,Maribojoc,0,1,0
Region VII (Central Visayas),Bohol,Panglao,0,1,15
Region VII (Central Visayas),Bohol,Pilar,0,1,1
Region VII (Central Visayas),Bohol,Pitogo,0,0,0
Region VII (Central Visayas),Bohol,Sagbayan (Borja),0,1,1
Region VII (Central Visayas),Bohol,San Isidro,0,0,0
Region VII (Central Visayas),Bohol,San Miguel,0,1,0
Region VII (Central Visayas),Bohol,Sevilla,0,1,0
Region VII (Central Visayas),Bohol,Sierra Bullones,0,1,0
Region VII (Central Visayas),Bohol,Sikatuna,0,1,0
Region VII (Central Visayas),Bohol,Tagbilaran (City/Capital),3,16,92
Region VII (Central Visayas),Bohol,Talibon,0,2,5
Region VII (Central Visayas),Bohol,Trinidad,0,2,2
Region VII (Central Visayas),Bohol,Tubigon,0,2,9
Region VII (Central Visayas),Bohol,Ubay,0,4,5
Region VII (Central Visayas),Bohol,Valencia,0,1,2
Region VII (Central Visayas),Cebu,Alcantara,0,0,0
Region VII (Central Visayas),Cebu,Alcoy,0,0,1
Region VII (Central Visayas),Cebu,Alegria,0,0,1
Region VII (Central Visayas),Cebu,Aloguinsan,0,0,1
Region VII (Central Visayas),Cebu,Argao,1,0,3
Region VII (Central Visayas),Cebu,Asturias,0,0,2
Region VII (Central Visayas),Cebu,Badian,0,0,0
Region VII (Central Visayas),Cebu,Balamban,0,2,11
Region VII (Central Visayas),Cebu,Bantayan,1,0,4
Region VII (Central Visayas),Cebu,Barili,0,0,1
Region VII (Central Visayas),Cebu,Bogo City,2,1,15
Region VII (Central Visayas),Cebu,Boljoon,0,0,2
Region VII (Central Visayas),Cebu,Borbon,0,0,0
Region VII (Central Visayas),Cebu,Carcar City,1,2,15
Region VII (Central Visayas),Cebu,Carmen,0,0,0
Region VII (Central Visayas),Cebu,Catmon,0,0,0
Region VII (Central Visayas),Cebu,Cebu (City/Capital),3,51,564
Region VII (Central Visayas),Cebu,Compostela,1,0,2
Region VII (Central Visayas),Cebu,Consolacion,0,2,28
Region VII (Central Visayas),Cebu,Cordoba,0,0,4
Region VII (Central Visayas),Cebu,Daanbantayan,0,0,4
Region VII (Central Visayas),Cebu,Dalaguete,1,0,1
Region VII (Central Visayas),Cebu,Danao (City),0,1,30
Region VII (Central Visayas),Cebu,Dumanjug,0,0,3
Region VII (Central Visayas),Cebu,Ginatilan,0,0,2
Region VII (Central Visayas),Cebu,Lapu-Lapu City (Opon),1,10,184
Region VII (Central Visayas),Cebu,Liloan,0,1,7
Region VII (Central Visayas),Cebu,Madridejos,0,0,0
Region VII (Central Visayas),Cebu,Malabuyoc,0,0,1
Region VII (Central Visayas),Cebu,Mandaue (City),2,20,148
Region VII (Central Visayas),Cebu,Medellin,0,0,1
Region VII (Central Visayas),Cebu,Minglanilla,0,0,6
Region VII (Central Visayas),Cebu,Moalboal,1,0,6
Region VII (Central Visayas),Cebu,Naga City,0,1,8
Region VII (Central Visayas),Cebu,Oslob,0,0,1
Region VII (Central Visayas),Cebu,Pilar,0,0,0
Region VII (Central Visayas),Cebu,Pinamungahan,0,0,2
Region VII (Central Visayas),Cebu,Poro,0,0,1
Region VII (Central Visayas),Cebu,Ronda,0,0,0
Region VII (Central Visayas),Cebu,Samboan,0,0,1
Region VII (Central Visayas),Cebu,San Fernando,0,0,3
Region VII (Central Visayas),Cebu,San Francisco,0,0,0
Region VII (Central Visayas),Cebu,San Remigio,0,0,0
Region VII (Central Visayas),Cebu,Santa Fe,0,0,0
Region VII (Central Visayas),Cebu,Santander,0,0,1
Region VII (Central Visayas),Cebu,Sibonga,1,0,1
Region VII (Central Visayas),Cebu,Sogod,0,1,0
Region VII (Central Visayas),Cebu,Tabogon,0,0,1
Region VII (Central Visayas),Cebu,Tabuelan,0,0,1
Region VII (Central Visayas),Cebu,Talisay City,0,4,28
Region VII (Central Visayas),Cebu,Toledo (City),1,0,26
Region VII (Central Visayas),Cebu,Tuburan,0,1,2
Region VII (Central Visayas),Cebu,Tudela,0,0,0
Region VII (Central Visayas),Negros Oriental,Amlan (Ayuquitan),0,0,2
Region VII (Central Visayas),Negros Oriental,Ayungon,0,0,0
Region VII (Central Visayas),Negros Oriental,Bacong,0,0,0
Region VII (Central Visayas),Negros Oriental,Bais (City),0,1,9
Region VII (Central Visayas),Negros Oriental,Basay,0,0,0
Region VII (Central Visayas),Negros Oriental,Bindoy (Payabon),0,0,3
Region VII (Central Visayas),Negros Oriental,Canlaon (City),0,1,0
Region VII (Central Visayas),Negros Oriental,City of Bayawan (Tulong),0,0,12
Region VII (Central Visayas),Negros Oriental,Dauin,0,0,0
Region VII (Central Visayas),Negros Oriental,Dumaguete (City/Capital),0,9,93
Region VII (Central Visayas),Negros Oriental,Guihulngan City,0,0,4
Region VII (Central Visayas),Negros Oriental,Jimalalud,0,0,0
Region VII (Central Visayas),Negros Oriental,La Libertad,0,0,0
Region VII (Central Visayas),Negros Oriental,Mabinay,0,0,0
Region VII (Central Visayas),Negros Oriental,Manjuyod,0,0,1
Region VII (Central Visayas),Negros Oriental,Pamplona,0,0,0
Region VII (Central Visayas),Negros Oriental,San Jose,0,0,0
Region VII (Central Visayas),Negros Oriental,Santa Catalina,0,0,0
Region VII (Central Visayas),Negros Oriental,Siaton,0,0,1
Region VII (Central Visayas),Negros Oriental,Sibulan,0,2,2
Region VII (Central Visayas),Negros Oriental,Tanjay City,2,1,5
Region VII (Central Visayas),Negros Oriental,Tayasan,0,0,0
Region VII (Central Visayas),Negros Oriental,Valencia,0,0,0
Region VII (Central Visayas),Negros Oriental,Vallehermoso,0,0,0
Region VII (Central Visayas),Negros Oriental,Zamboanguita,0,0,0
Region VII (Central Visayas),Siquijor,Enrique Villanueva,0,1,0
Region VII (Central Visayas),Siquijor,Larena,0,1,5
Region VII (Central Visayas),Siquijor,Lazi,0,1,0
Region VII (Central Visayas),Siquijor,Maria,0,1,0
Region VII (Central Visayas),Siquijor,San Juan,0,1,1
Region VII (Central Visayas),Siquijor,Siquijor (Capital),0,1,5
Region VIII (Eastern Visayas),Biliran,Almeria,0,0,1
Region VIII (Eastern Visayas),Biliran,Biliran,0,0,1
Region VIII (Eastern Visayas),Biliran,Cabucgayan,0,0,0
Region VIII (Eastern Visayas),Biliran,Caibiran,0,0,1
Region VIII (Eastern Visayas),Biliran,Culaba,0,0,0
Region VIII (Eastern Visayas),Biliran,Kawayan,0,0,0
Region VIII (Eastern Visayas),Biliran,Maripipi,0,0,0
Region VIII (Eastern Visayas),Biliran,Naval (Capital),0,0,9
Region VIII (Eastern Visayas),Eastern Samar,Arteche,0,0,0
Region VIII (Eastern Visayas),Eastern Samar,Balangiga,1,0,0
Region VIII (Eastern Visayas),Eastern Samar,Balangkayan,0,0,0
Region VIII (Eastern Visayas),Eastern Samar,Can-Avid,0,0,3
Region VIII (Eastern Visayas),Eastern Samar,City of Borongan (Capital),0,3,13
Region VIII (Eastern Visayas),Eastern Samar,Dolores,0,0,3
Region VIII (Eastern Visayas),Eastern Samar,General Macarthur,0,0,0
Region VIII (Eastern Visayas),Eastern Samar,Giporlos,0,0,0
Region VIII (Eastern Visayas),Eastern Samar,Guiuan,0,0,4
Region VIII (Eastern Visayas),Eastern Samar,Hernani,0,0,0
Region VIII (Eastern Visayas),Eastern Samar,Jipapad,0,0,0
Region VIII (Eastern Visayas),Eastern Samar,Lawaan,0,0,0
Region VIII (Eastern Visayas),Eastern Samar,Llorente,0,0,1
Region VIII (Eastern Visayas),Eastern Samar,Maslog,0,0,0
Region VIII (Eastern Visayas),Eastern Samar,Maydolong,0,0,1
Region VIII (Eastern Visayas),Eastern Samar,Mercedes,0,0,0
Region VIII (Eastern Visayas),Eastern Samar,Oras,0,0,0
Region VIII (Eastern Visayas),Eastern Samar,Quinapondan,0,0,0
Region VIII (Eastern Visayas),Eastern Samar,Salcedo,0,0,1
Region VIII (Eastern Visayas),Eastern Samar,San Julian,0,0,1
Region VIII (Eastern Visayas),Eastern Samar,San Policarpo,0,0,0
Region VIII (Eastern Visayas),Eastern Samar,Sulat,0,0,1
Region VIII (Eastern Visayas),Eastern Samar,Taft,0,0,0
Region VIII (Eastern Visayas),Leyte,Abuyog,1,1,1
Region VIII (Eastern Visayas),Leyte,Alangalang,0,0,0
Region VIII (Eastern Visayas),Leyte,Albuera,0,0,1
Region VIII (Eastern Visayas),Leyte,Babatngon,0,0,0
Region VIII (Eastern Visayas),Leyte,Barugo,0,0,1
Region VIII (Eastern Visayas),Leyte,Bato,2,1,1
Region VIII (Eastern Visayas),Leyte,Baybay City,0,0,16
Region VIII (Eastern Visayas),Leyte,Burauen,0,0,2
Region VIII (Eastern Visayas),Leyte,Calubian,0,0,1
Region VIII (Eastern Visayas),Leyte,Capoocan,0,0,1
Region VIII (Eastern Visayas),Leyte,Carigara,0,0,3
Region VIII (Eastern Visayas),Leyte,Dagami,0,0,0
Region VIII (Eastern Visayas),Leyte,Dulag,1,0,1
Region VIII (Eastern Visayas),Leyte,Hilongos,1,0,4
Region VIII (Eastern Visayas),Leyte,Hindang,1,0,1
Region VIII (Eastern Visayas),Leyte,Inopacan,1,0,1
Region VIII (Eastern Visayas),Leyte,Isabel,2,0,4
Region VIII (Eastern Visayas),Leyte,Jaro,0,0,3
Region VIII (Eastern Visayas),Leyte,Javier (Bugho),0,0,0
Region VIII (Eastern Visayas),Leyte,Julita,0,0,0
Region VIII (Eastern Visayas),Leyte,Kananga,0,0,1
Region VIII (Eastern Visayas),Leyte,La Paz,0,0,0
Region VIII (Eastern Visayas),Leyte,Leyte,0,0,1
Region VIII (Eastern Visayas),Leyte,Macarthur,0,0,0
Region VIII (Eastern Visayas),Leyte,Mahaplag,0,0,1
Region VIII (Eastern Visayas),Leyte,Matag-Ob,0,0,1
Region VIII (Eastern Visayas),Leyte,Matalom,0,0,1
Region VIII (Eastern Visayas),Leyte,Mayorga,0,0,1
Region VIII (Eastern Visayas),Leyte,Merida,0,0,0
Region VIII (Eastern Visayas),Leyte,Ormoc (City),0,4,51
Region VIII (Eastern Visayas),Leyte,Palo,0,1,6
Region VIII (Eastern Visayas),Leyte,Palompon,0,0,7
Region VIII (Eastern Visayas),Leyte,Pastrana,0,0,0
Region VIII (Eastern Visayas),Leyte,San Isidro,0,0,1
Region VIII (Eastern Visayas),Leyte,San Miguel,0,0,0
Region VIII (Eastern Visayas),Leyte,Santa Fe,0,0,0
Region VIII (Eastern Visayas),Leyte,Tabango,0,0,0
Region VIII (Eastern Visayas),Leyte,Tabontabon,0,0,0
Region VIII (Eastern Visayas),Leyte,Tacloban (City/Capital),3,5,90
Region VIII (Eastern Visayas),Leyte,Tanauan,0,0,3
Region VIII (Eastern Visayas),Leyte,Tolosa,0,0,1
Region VIII (Eastern Visayas),Leyte,Tunga,0,0,1
Region VIII (Eastern Visayas),Leyte,Villaba,0,0,0
Region VIII (Eastern Visayas),Northern Samar,Allen,0,0,3
Region VIII (Eastern Visayas),Northern Samar,Biri,0,0,0
Region VIII (Eastern Visayas),Northern Samar,Bobon,0,0,0
Region VIII (Eastern Visayas),Northern Samar,Capul,0,0,0
Region VIII (Eastern Visayas),Northern Samar,Catarman (Capital),0,2,29
Region VIII (Eastern Visayas),Northern Samar,Catubig,0,0,1
Region VIII (Eastern Visayas),Northern Samar,Gamay,0,0,0
Region VIII (Eastern Visayas),Northern Samar,Laoang,0,0,1
Region VIII (Eastern Visayas),Northern Samar,Lapinig,0,0,0
Region VIII (Eastern Visayas),Northern Samar,Las Navas,0,0,0
Region VIII (Eastern Visayas),Northern Samar,Lavezares,0,0,0
Region VIII (Eastern Visayas),Northern Samar,Lope De Vega,0,0,0
Region VIII (Eastern Visayas),Northern Samar,Mapanas,0,0,0
Region VIII (Eastern Visayas),Northern Samar,Mondragon,0,0,0
Region VIII (Eastern Visayas),Northern Samar,Palapag,0,0,0
Region VIII (Eastern Visayas),Northern Samar,Pambujan,0,0,0
Region VIII (Eastern Visayas),Northern Samar,Rosario,0,0,0
Region VIII (Eastern Visayas),Northern Samar,San Antonio,0,0,0
Region VIII (Eastern Visayas),Northern Samar,San Isidro,0,0,0
Region VIII (Eastern Visayas),Northern Samar,San Jose,0,0,1
Region VIII (Eastern Visayas),Northern Samar,San Roque,0,0,1
Region VIII (Eastern Visayas),Northern Samar,San Vicente,0,0,0
Region VIII (Eastern Visayas),Northern Samar,Silvino Lobos,0,0,0
Region VIII (Eastern Visayas),Northern Samar,Victoria,0,0,0
Region VIII (Eastern Visayas),Southern Leyte,Anahawan,0,0,0
Region VIII (Eastern Visayas),Southern Leyte,Bontoc,0,0,0
Region VIII (Eastern Visayas),Southern Leyte,Hinunangan,0,0,3
Region VIII (Eastern Visayas),Southern Leyte,Hinundayan,0,0,1
Region VIII (Eastern Visayas),Southern Leyte,Libagon,0,0,0
Region VIII (Eastern Visayas),Southern Leyte,Liloan,0,0,0
Region VIII (Eastern Visayas),Southern Leyte,Limasawa,0,0,0
Region VIII (Eastern Visayas),Southern Leyte,Maasin (City/Capital),0,0,21
Region VIII (Eastern Visayas),Southern Leyte,Macrohon,0,0,1
Region VIII (Eastern Visayas),Southern Leyte,Malitbog,0,0,2
Region VIII (Eastern Visayas),Southern Leyte,Padre Burgos,0,0,1
Region VIII (Eastern Visayas),Southern Leyte,Pintuyan,0,0,0
Region VIII (Eastern Visayas),Southern Leyte,Saint Bernard,0,0,1
Region VIII (Eastern Visayas),Southern Leyte,San Francisco,0,0,0
Region VIII (Eastern Visayas),Southern Leyte,San Juan (Cabalian),0,0,2
Region VIII (Eastern Visayas),Southern Leyte,San Ricardo,0,0,0
Region VIII (Eastern Visayas),Southern Leyte,Silago,0,0,0
Region VIII (Eastern Visayas),Southern Leyte,Sogod,1,1,9
Region VIII (Eastern Visayas),Southern Leyte,Tomas Oppus,0,0,0
Region VIII (Eastern Visayas),Western Samar,Almagro,0,0,0
Region VIII (Eastern Visayas),Western Samar,Basey,0,0,0
Region VIII (Eastern Visayas),Western Samar,Calbayog (City),0,1,20
Region VIII (Eastern Visayas),Western Samar,Calbiga,0,0,1
Region VIII (Eastern Visayas),Western Samar,City of Catbalogan (Capital),0,2,26
Region VIII (Eastern Visayas),Western Samar,Daram,0,0,0
Region VIII (Eastern Visayas),Western Samar,Gandara,0,0,1
Region VIII (Eastern Visayas),Western Samar,Hinabangan,0,0,1
Region VIII (Eastern Visayas),Western Samar,Jiabong,0,0,0
Region VIII (Eastern Visayas),Western Samar,Marabut,0,0,0
Region VIII (Eastern Visayas),Western Samar,Matuguinao,0,0,0
Region VIII (Eastern Visayas),Western Samar,Motiong,0,0,1
Region VIII (Eastern Visayas),Western Samar,Pagsanghan,0,0,0
Region VIII (Eastern Visayas),Western Samar,Paranas (Wright),0,0,3
Region VIII (Eastern Visayas),Western Samar,Pinabacdao,0,0,0
Region VIII (Eastern Visayas),Western Samar,San Jorge,0,0,0
Region VIII (Eastern Visayas),Western Samar,San Jose De Buan,0,0,0
Region VIII (Eastern Visayas),Western Samar,San Sebastian,0,0,0
Region VIII (Eastern Visayas),Western Samar,Santa Margarita,0,0,2
Region VIII (Eastern Visayas),Western Samar,Santa Rita,0,0,0
Region VIII (Eastern Visayas),Western Samar,Santo Nino,0,0,0
Region VIII (Eastern Visayas),Western Samar,Tagapul-An,0,0,0
Region VIII (Eastern Visayas),Western Samar,Talalora,0,0,0
Region VIII (Eastern Visayas),Western Samar,Tarangnan,0,0,0
Region VIII (Eastern Visayas),Western Samar,Villareal,0,0,0
Region VIII (Eastern Visayas),Western Samar,Zumarraga,0,0,0
Region X (Northern Mindanao),Bukidnon,Baungon,1,0,0
Region X (Northern Mindanao),Bukidnon,Cabanglasan,0,0,0
Region X (Northern Mindanao),Bukidnon,Damulog,0,0,0
Region X (Northern Mindanao),Bukidnon,Dangcagan,0,0,1
Region X (Northern Mindanao),Bukidnon,Don Carlos,1,0,4
Region X (Northern Mindanao),Bukidnon,Impasug-Ong,0,0,1
Region X (Northern Mindanao),Bukidnon,Kadingilan,0,0,0
Region X (Northern Mindanao),Bukidnon,Kalilangan,0,0,0
Region X (Northern Mindanao),Bukidnon,Kibawe,0,0,3
Region X (Northern Mindanao),Bukidnon,Kitaotao,0,0,0
Region X (Northern Mindanao),Bukidnon,Lantapan,0,0,1
Region X (Northern Mindanao),Bukidnon,Libona,0,0,0
Region X (Northern Mindanao),Bukidnon,Malaybalay (City/Capital),1,1,22
Region X (Northern Mindanao),Bukidnon,Malitbog,0,0,0
Region X (Northern Mindanao),Bukidnon,Manolo Fortich,1,1,9
Region X (Northern Mindanao),Bukidnon,Maramag,2,1,13
Region X (Northern Mindanao),Bukidnon,Pangantucan,0,0,1
Region X (Northern Mindanao),Bukidnon,Quezon,2,1,1
Region X (Northern Mindanao),Bukidnon,San Fernando,0,0,1
Region X (Northern Mindanao),Bukidnon,Sumilao,0,0,0
Region X (Northern Mindanao),Bukidnon,Talakag,0,0,1
Region X (Northern Mindanao),Bukidnon,Valencia City,2,2,26
Region X (Northern Mindanao),Camiguin,Catarman,0,0,1
Region X (Northern Mindanao),Camiguin,Guinsiliban,0,0,0
Region X (Northern Mindanao),Camiguin,Mahinog,0,0,0
Region X (Northern Mindanao),Camiguin,Mambajao (Capital),0,0,5
Region X (Northern Mindanao),Camiguin,Sagay,0,0,0
Region X (Northern Mindanao),Lanao del Norte,Bacolod,0,0,2
Region X (Northern Mindanao),Lanao del Norte,Baloi,0,0,0
Region X (Northern Mindanao),Lanao del Norte,Baroy,0,0,0
Region X (Northern Mindanao),Lanao del Norte,Iligan City,1,1,76
Region X (Northern Mindanao),Lanao del Norte,Kapatagan,0,0,3
Region X (Northern Mindanao),Lanao del Norte,Kauswagan,0,0,3
Region X (Northern Mindanao),Lanao del Norte,Kolambugan,0,0,1
Region X (Northern Mindanao),Lanao del Norte,Lala,1,0,3
Region X (Northern Mindanao),Lanao del Norte,Linamon,0,0,1
Region X (Northern Mindanao),Lanao del Norte,Magsaysay,0,0,0
Region X (Northern Mindanao),Lanao del Norte,Maigo,0,0,2
Region X (Northern Mindanao),Lanao del Norte,Matungao,0,0,0
Region X (Northern Mindanao),Lanao del Norte,Munai,0,0,0
Region X (Northern Mindanao),Lanao del Norte,Nunangan,0,0,0
Region X (Northern Mindanao),Lanao del Norte,Pantao Ragat,0,0,0
Region X (Northern Mindanao),Lanao del Norte,Pantar,0,0,0
Region X (Northern Mindanao),Lanao del Norte,Poona Piagaso,0,0,0
Region X (Northern Mindanao),Lanao del Norte,Salvador,0,0,0
Region X (Northern Mindanao),Lanao del Norte,Sapad,0,0,0
Region X (Northern Mindanao),Lanao del Norte,Sultan Naga Dimaporo (Karomatan),0,0,0
Region X (Northern Mindanao),Lanao del Norte,Tagoloan,2,0,4
Region X (Northern Mindanao),Lanao del Norte,Tangcal,0,0,0
Region X (Northern Mindanao),Lanao del Norte,Tubod (Capital),0,0,5
Region X (Northern Mindanao),Misamis Occidental,Aloran,0,1,0
Region X (Northern Mindanao),Misamis Occidental,Baliangao,0,0,0
Region X (Northern Mindanao),Misamis Occidental,Bonifacio,0,0,0
Region X (Northern Mindanao),Misamis Occidental,Calamba,0,0,3
Region X (Northern Mindanao),Misamis Occidental,Clarin,0,0,0
Region X (Northern Mindanao),Misamis Occidental,Concepcion,0,0,0
Region X (Northern Mindanao),Misamis Occidental,Don Victoriano Chiongbian (Don Mariano Marcos),0,0,0
Region X (Northern Mindanao),Misamis Occidental,Jimenez,0,0,1
Region X (Northern Mindanao),Misamis Occidental,Lopez Jaena,0,0,0
Region X (Northern Mindanao),Misamis Occidental,Oroquieta (City/Capital),1,0,12
Region X (Northern Mindanao),Misamis Occidental,Ozamis (City),1,3,41
Region X (Northern Mindanao),Misamis Occidental,Panaon,0,0,1
Region X (Northern Mindanao),Misamis Occidental,Plaridel,0,0,2
Region X (Northern Mindanao),Misamis Occidental,Sapang Dalaga,0,0,0
Region X (Northern Mindanao),Misamis Occidental,Sinacaban,0,0,2
Region X (Northern Mindanao),Misamis Occidental,Tangub (City),0,0,1
Region X (Northern Mindanao),Misamis Occidental,Tudela,0,0,0
Region X (Northern Mindanao),Misamis Oriental,Alubijid,0,0,0
Region X (Northern Mindanao),Misamis Oriental,Balingasag,1,0,2
Region X (Northern Mindanao),Misamis Oriental,Balingoan,0,0,0
Region X (Northern Mindanao),Misamis Oriental,Binuangan,0,0,0
Region X (Northern Mindanao),Misamis Oriental,Cagayan De Oro (City/Capital),5,16,259
Region X (Northern Mindanao),Misamis Oriental,Claveria,0,0,0
Region X (Northern Mindanao),Misamis Oriental,El Salvador City,2,1,5
Region X (Northern Mindanao),Misamis Oriental,Gingoog (City),1,0,10
Region X (Northern Mindanao),Misamis Oriental,Gitagum,0,0,0
Region X (Northern Mindanao),Misamis Oriental,Initao,0,0,0
Region X (Northern Mindanao),Misamis Oriental,Jasaan,0,0,3
Region X (Northern Mindanao),Misamis Oriental,Kinoguitan,0,0,0
Region X (Northern Mindanao),Misamis Oriental,Lagonglong,0,0,1
Region X (Northern Mindanao),Misamis Oriental,Laguindingan,0,0,4
Region X (Northern Mindanao),Misamis Oriental,Libertad,1,0,0
Region X (Northern Mindanao),Misamis Oriental,Lugait,0,0,0
Region X (Northern Mindanao),Misamis Oriental,Magsaysay (Linugos),0,0,2
Region X (Northern Mindanao),Misamis Oriental,Manticao,1,0,1
Region X (Northern Mindanao),Misamis Oriental,Medina,0,0,4
Region X (Northern Mindanao),Misamis Oriental,Naawan,0,0,1
Region X (Northern Mindanao),Misamis Oriental,Opol,0,0,2
Region X (Northern Mindanao),Misamis Oriental,Salay,1,0,1
Region X (Northern Mindanao),Misamis Oriental,Sugbongcogon,0,0,2
Region X (Northern Mindanao),Misamis Oriental,Tagoloan,0,0,0
Region X (Northern Mindanao),Misamis Oriental,Talisayan,0,0,1
Region X (Northern Mindanao),Misamis Oriental,Villanueva,1,0,7
Region XI (Davao Region),Compostela Valley Province,Asuncion (Saug),0,0,1
Region XI (Davao Region),Compostela Valley Province,Braulio E Dujali,0,0,0
Region XI (Davao Region),Compostela Valley Province,Carmen,1,0,1
Region XI (Davao Region),Compostela Valley Province,Compostela,2,0,1
Region XI (Davao Region),Compostela Valley Province,Island Garden City Of Samal,2,0,8
Region XI (Davao Region),Compostela Valley Province,Kapalong,2,0,1
Region XI (Davao Region),Compostela Valley Province,Laak (San Vicente),0,0,0
Region XI (Davao Region),Compostela Valley Province,Mabini (Dona Alicia),0,0,0
Region XI (Davao Region),Compostela Valley Province,Maco,0,0,0
Region XI (Davao Region),Compostela Valley Province,Maragusan (San Mariano),2,0,0
Region XI (Davao Region),Compostela Valley Province,Mawab,0,0,0
Region XI (Davao Region),Compostela Valley Province,Monkayo,2,0,2
Region XI (Davao Region),Compostela Valley Province,Montevista,0,0,1
Region XI (Davao Region),Compostela Valley Province,Nabunturan (Capital),4,0,7
Region XI (Davao Region),Compostela Valley Province,New Bataan,0,0,0
Region XI (Davao Region),Compostela Valley Province,New Corella,1,0,0
Region XI (Davao Region),Compostela Valley Province,Panabo City,6,2,22
Region XI (Davao Region),Compostela Valley Province,Pantukan,2,0,0
Region XI (Davao Region),Compostela Valley Province,San Isidro,1,0,0
Region XI (Davao Region),Compostela Valley Province,Santo Tomas,4,0,2
Region XI (Davao Region),Compostela Valley Province,Tagum (City/Capital),6,9,66
Region XI (Davao Region),Compostela Valley Province,Talaingod,0,0,0
Region XI (Davao Region),Davao Occidental,Don Marcelino,0,0,0
Region XI (Davao Region),Davao Occidental,Jose Abad Santos (Trinidad),0,0,0
Region XI (Davao Region),Davao Occidental,Malita,2,0,2
Region XI (Davao Region),Davao Occidental,Santa Maria,1,0,1
Region XI (Davao Region),Davao Occidental,Sarangani,0,1,0
Region XI (Davao Region),Davao Oriental,Baganga,2,0,0
Region XI (Davao Region),Davao Oriental,Banaybanay,1,0,1
Region XI (Davao Region),Davao Oriental,Boston,0,0,0
Region XI (Davao Region),Davao Oriental,Caraga,0,0,0
Region XI (Davao Region),Davao Oriental,Cateel,0,1,0
Region XI (Davao Region),Davao Oriental,City Of Mati (Capital),3,0,16
Region XI (Davao Region),Davao Oriental,Governor Generoso,1,0,0
Region XI (Davao Region),Davao Oriental,Lupon,2,0,2
Region XI (Davao Region),Davao Oriental,Manay,1,0,0
Region XI (Davao Region),Davao Oriental,San Isidro,0,0,1
Region XI (Davao Region),Davao Oriental,Tarragona,0,0,0
Region XI (Davao Region),Davao del Sur,Bansalan,2,0,3
Region XI (Davao Region),Davao del Sur,Davao (City),43,43,491
Region XI (Davao Region),Davao del Sur,Digos (City/Capital),4,2,38
Region XI (Davao Region),Davao del Sur,Hagonoy,0,0,1
Region XI (Davao Region),Davao del Sur,Kiblawan,0,0,0
Region XI (Davao Region),Davao del Sur,Magsaysay,0,0,0
Region XI (Davao Region),Davao del Sur,Malalag,0,0,1
Region XI (Davao Region),Davao del Sur,Matanao,0,0,4
Region XI (Davao Region),Davao del Sur,Padada,0,1,2
Region XI (Davao Region),Davao del Sur,Santa Cruz,1,0,6
Region XI (Davao Region),Davao del Sur,Sulop,0,0,2
Region XII (SOCCSKSARGEN),North Cotabato,Alamada,1,0,0
Region XII (SOCCSKSARGEN),North Cotabato,Aleosan,0,0,0
Region XII (SOCCSKSARGEN),North Cotabato,Antipas,1,0,0
Region XII (SOCCSKSARGEN),North Cotabato,Arakan,0,0,0
Region XII (SOCCSKSARGEN),North Cotabato,Banisilan,0,0,0
Region XII (SOCCSKSARGEN),North Cotabato,Carmen,1,0,1
Region XII (SOCCSKSARGEN),North Cotabato,Cotabato City,0,0,52
Region XII (SOCCSKSARGEN),North Cotabato,Kabacan,2,0,9
Region XII (SOCCSKSARGEN),North Cotabato,Kidapawan (City/Capital),4,1,37
Region XII (SOCCSKSARGEN),North Cotabato,Libungan,1,0,0
Region XII (SOCCSKSARGEN),North Cotabato,M'Lang,2,0,1
Region XII (SOCCSKSARGEN),North Cotabato,Magpet,0,0,2
Region XII (SOCCSKSARGEN),North Cotabato,Makilala,1,0,2
Region XII (SOCCSKSARGEN),North Cotabato,Matalam,1,0,2
Region XII (SOCCSKSARGEN),North Cotabato,Midsayap,1,0,13
Region XII (SOCCSKSARGEN),North Cotabato,Pigkawayan,3,0,1
Region XII (SOCCSKSARGEN),North Cotabato,Pikit,0,0,0
Region XII (SOCCSKSARGEN),North Cotabato,President Roxas,0,0,0
Region XII (SOCCSKSARGEN),North Cotabato,Tulunan,1,0,1
Region XII (SOCCSKSARGEN),Sarangani,Alabel (Capital),0,0,6
Region XII (SOCCSKSARGEN),Sarangani,Glan,1,0,1
Region XII (SOCCSKSARGEN),Sarangani,Kiamba,0,0,1
Region XII (SOCCSKSARGEN),Sarangani,Maasim,0,0,1
Region XII (SOCCSKSARGEN),Sarangani,Maitum,0,0,1
Region XII (SOCCSKSARGEN),Sarangani,Malapatan,0,0,1
Region XII (SOCCSKSARGEN),Sarangani,Malungon,1,0,1
Region XII (SOCCSKSARGEN),South Cotabato,Banga,0,0,2
Region XII (SOCCSKSARGEN),South Cotabato,City of Koronadal (Capital),1,2,58
Region XII (SOCCSKSARGEN),South Cotabato,General Santos City (Dadiangas),5,9,135
Region XII (SOCCSKSARGEN),South Cotabato,Lake Sebu,0,0,0
Region XII (SOCCSKSARGEN),South Cotabato,Norala,2,0,1
Region XII (SOCCSKSARGEN),South Cotabato,Polomolok,0,0,19
Region XII (SOCCSKSARGEN),South Cotabato,Santo Nino,0,0,1
Region XII (SOCCSKSARGEN),South Cotabato,Surallah,2,0,7
Region XII (SOCCSKSARGEN),South Cotabato,T'Boli,1,0,1
Region XII (SOCCSKSARGEN),South Cotabato,Tampakan,0,0,2
Region XII (SOCCSKSARGEN),South Cotabato,Tantangan,0,0,1
Region XII (SOCCSKSARGEN),South Cotabato,Tupi,1,0,3
Region XII (SOCCSKSARGEN),Sultan Kudarat,Bagumbayan,0,0,0
Region XII (SOCCSKSARGEN),Sultan Kudarat,Columbio,0,0,0
Region XII (SOCCSKSARGEN),Sultan Kudarat,Esperanza,1,0,3
Region XII (SOCCSKSARGEN),Sultan Kudarat,Isulan (Capital),1,0,12
Region XII (SOCCSKSARGEN),Sultan Kudarat,Kalamansig,1,0,1
Region XII (SOCCSKSARGEN),Sultan Kudarat,Lambayong (Mariano Marcos),0,0,1
Region XII (SOCCSKSARGEN),Sultan Kudarat,Lebak,1,0,3
Region XII (SOCCSKSARGEN),Sultan Kudarat,Lutayan,0,0,0
Region XII (SOCCSKSARGEN),Sultan Kudarat,Palimbang,0,0,0
Region XII (SOCCSKSARGEN),Sultan Kudarat,President Quirino,0,1,0
Region XII (SOCCSKSARGEN),Sultan Kudarat,Sen. Ninoy Aquino,0,0,1
Region XII (SOCCSKSARGEN),Sultan Kudarat,Tacurong City,2,1,25
Region XIII (Caraga),Agusan del Norte,Buenavista,1,0,0
Region XIII (Caraga),Agusan del Norte,Butuan (City/Capital),4,5,82
Region XIII (Caraga),Agusan del Norte,Cabadbaran City,3,1,4
Region XIII (Caraga),Agusan del Norte,Carmen,0,0,0
Region XIII (Caraga),Agusan del Norte,Jabonga,0,0,0
Region XIII (Caraga),Agusan del Norte,Kitcharao,0,0,1
Region XIII (Caraga),Agusan del Norte,Las Nieves,0,0,0
Region XIII (Caraga),Agusan del Norte,Magallanes,0,0,1
Region XIII (Caraga),Agusan del Norte,Nasipit,1,0,1
Region XIII (Caraga),Agusan del Norte,Remedios T. Romualdez,0,0,0
Region XIII (Caraga),Agusan del Norte,Santiago,0,0,1
Region XIII (Caraga),Agusan del Norte,Tubay,0,0,0
Region XIII (Caraga),Agusan del Sur,Bayugan City,1,2,10
Region XIII (Caraga),Agusan del Sur,Bunawan,0,1,1
Region XIII (Caraga),Agusan del Sur,Esperanza,0,0,1
Region XIII (Caraga),Agusan del Sur,La Paz,0,0,0
Region XIII (Caraga),Agusan del Sur,Loreto,0,0,0
Region XIII (Caraga),Agusan del Sur,Prosperidad (Capital),0,2,4
Region XIII (Caraga),Agusan del Sur,Rosario,0,1,0
Region XIII (Caraga),Agusan del Sur,San Francisco,3,1,23
Region XIII (Caraga),Agusan del Sur,San Luis,0,0,0
Region XIII (Caraga),Agusan del Sur,Santa Josefa,0,1,0
Region XIII (Caraga),Agusan del Sur,Sibagat,0,0,0
Region XIII (Caraga),Agusan del Sur,Talacogon,0,0,1
Region XIII (Caraga),Agusan del Sur,Trento,1,2,3
Region XIII (Caraga),Agusan del Sur,Veruela,0,0,0
Region XIII (Caraga),Dinagat Islands,Basilisa (Rizal),0,0,2
Region XIII (Caraga),Dinagat Islands,Cagdianao,0,0,1
Region XIII (Caraga),Dinagat Islands,Dinagat,0,0,1
Region XIII (Caraga),Dinagat Islands,Libjo,0,0,0
Region XIII (Caraga),Dinagat Islands,Loreto,0,0,0
Region XIII (Caraga),Dinagat Islands,San Jose (Capital),0,0,4
Region XIII (Caraga),Dinagat Islands,Tubajon,0,0,0
Region XIII (Caraga),Surigao del Norte,Alegria,1,0,0
Region XIII (Caraga),Surigao del Norte,Bacuag,0,0,1
Region XIII (Caraga),Surigao del Norte,Burgos,0,0,0
Region XIII (Caraga),Surigao del Norte,Claver,3,0,8
Region XIII (Caraga),Surigao del Norte,Dapa,0,0,2
Region XIII (Caraga),Surigao del Norte,Del Carmen,0,0,2
Region XIII (Caraga),Surigao del Norte,Gen Luna,1,0,2
Region XIII (Caraga),Surigao del Norte,Gigaquit,0,0,0
Region XIII (Caraga),Surigao del Norte,Mainit,0,1,0
Region XIII (Caraga),Surigao del Norte,Malimono,0,0,0
Region XIII (Caraga),Surigao del Norte,Pilar,0,0,0
Region XIII (Caraga),Surigao del Norte,Placer,0,0,2
Region XIII (Caraga),Surigao del Norte,San Benito,0,0,0
Region XIII (Caraga),Surigao del Norte,San Francisco,0,0,0
Region XIII (Caraga),Surigao del Norte,San Isidro,0,0,0
Region XIII (Caraga),Surigao del Norte,Santa Monica (Sapao),0,0,0
Region XIII (Caraga),Surigao del Norte,Sison,0,0,0
Region XIII (Caraga),Surigao del Norte,Socorro,0,0,0
Region XIII (Caraga),Surigao del Norte,Surigao (City/Capital),1,3,44
Region XIII (Caraga),Surigao del Norte,Tagana-An,0,0,0
Region XIII (Caraga),Surigao del Norte,Tubod,0,0,0
Region XIII (Caraga),Surigao del Sur,Barobo,1,1,0
Region XIII (Caraga),Surigao del Sur,Bayabas,0,0,0
Region XIII (Caraga),Surigao del Sur,Bislig City,1,1,11
Region XIII (Caraga),Surigao del Sur,Cagwait,0,1,0
Region XIII (Caraga),Surigao del Sur,Cantilan,3,0,1
Region XIII (Caraga),Surigao del Sur,Carmen,0,0,1
Region XIII (Caraga),Surigao del Sur,Carrascal,0,1,2
Region XIII (Caraga),Surigao del Sur,Cortes,0,0,0
Region XIII (Caraga),Surigao del Sur,Hinatuan,0,1,2
Region XIII (Caraga),Surigao del Sur,Lanuza,0,0,0
Region XIII (Caraga),Surigao del Sur,Lianga,1,1,0
Region XIII (Caraga),Surigao del Sur,Lingig,1,1,0
Region XIII (Caraga),Surigao del Sur,Madrid,2,1,2
Region XIII (Caraga),Surigao del Sur,Marihatag,0,1,0
Region XIII (Caraga),Surigao del Sur,San Agustin,0,1,1
Region XIII (Caraga),Surigao del Sur,San Miguel,0,0,1
Region XIII (Caraga),Surigao del Sur,Tagbina,0,1,1
Region XIII (Caraga),Surigao del Sur,Tago,0,0,0
Region XIII (Caraga),Surigao del Sur,Tandag City,3,2,18
